,index,Sno,Date,Time,State/UnionTerritory,ConfirmedIndianNational,ConfirmedForeignNational,Cured,Deaths,Confirmed,day,National confirmed cumulative,National confirmed new,National recovered cumulative,National recovered new,National deceased cumulative,National deceased new
0,0,1,2020-01-30,6:00 PM,Kerala,1,0,0,0,1,0,1,1,0,0,0,0
1,1,2,2020-01-31,6:00 PM,Kerala,1,0,0,0,1,1,1,0,0,0,0,0
2,2,3,2020-02-01,6:00 PM,Kerala,2,0,0,0,2,2,2,1,0,0,0,0
3,3,4,2020-02-02,6:00 PM,Kerala,3,0,0,0,3,3,3,1,0,0,0,0
4,4,5,2020-02-03,6:00 PM,Kerala,3,0,0,0,3,4,3,0,0,0,0,0
5,5,6,2020-02-04,6:00 PM,Kerala,3,0,0,0,3,5,3,0,0,0,0,0
6,6,7,2020-02-05,6:00 PM,Kerala,3,0,0,0,3,6,3,0,0,0,0,0
7,7,8,2020-02-06,6:00 PM,Kerala,3,0,0,0,3,7,3,0,0,0,0,0
8,8,9,2020-02-07,6:00 PM,Kerala,3,0,0,0,3,8,3,0,0,0,0,0
9,9,10,2020-02-08,6:00 PM,Kerala,3,0,0,0,3,9,3,0,0,0,0,0
10,10,11,2020-02-09,6:00 PM,Kerala,3,0,0,0,3,10,3,0,0,0,0,0
11,11,12,2020-02-10,6:00 PM,Kerala,3,0,0,0,3,11,3,0,0,0,0,0
12,12,13,2020-02-11,6:00 PM,Kerala,3,0,0,0,3,12,3,0,0,0,0,0
13,13,14,2020-02-12,6:00 PM,Kerala,3,0,0,0,3,13,3,0,0,0,0,0
14,14,15,2020-02-13,6:00 PM,Kerala,3,0,0,0,3,14,3,0,0,0,0,0
15,15,16,2020-02-14,6:00 PM,Kerala,3,0,0,0,3,15,3,0,0,0,0,0
16,16,17,2020-02-15,6:00 PM,Kerala,3,0,0,0,3,16,3,0,0,0,0,0
17,17,18,2020-02-16,6:00 PM,Kerala,3,0,0,0,3,17,3,0,0,0,0,0
18,18,19,2020-02-17,6:00 PM,Kerala,3,0,0,0,3,18,3,0,0,0,0,0
19,19,20,2020-02-18,6:00 PM,Kerala,3,0,0,0,3,19,3,0,0,0,0,0
20,20,21,2020-02-19,6:00 PM,Kerala,3,0,0,0,3,20,3,0,0,0,0,0
21,21,22,2020-02-20,6:00 PM,Kerala,3,0,0,0,3,21,3,0,0,0,0,0
22,22,23,2020-02-21,6:00 PM,Kerala,3,0,0,0,3,22,3,0,0,0,0,0
23,23,24,2020-02-22,6:00 PM,Kerala,3,0,0,0,3,23,3,0,0,0,0,0
24,24,25,2020-02-23,6:00 PM,Kerala,3,0,0,0,3,24,3,0,0,0,0,0
25,25,26,2020-02-24,6:00 PM,Kerala,3,0,0,0,3,25,3,0,0,0,0,0
26,26,27,2020-02-25,6:00 PM,Kerala,3,0,0,0,3,26,3,0,0,0,0,0
27,27,28,2020-02-26,6:00 PM,Kerala,3,0,0,0,3,27,3,0,0,0,0,0
28,28,29,2020-02-27,6:00 PM,Kerala,3,0,0,0,3,28,3,0,0,0,0,0
29,29,30,2020-02-28,6:00 PM,Kerala,3,0,0,0,3,29,3,0,0,0,0,0
30,30,31,2020-02-29,6:00 PM,Kerala,3,0,0,0,3,30,3,0,0,0,0,0
31,31,32,2020-03-01,6:00 PM,Kerala,3,0,0,0,3,31,3,0,0,0,0,0
32,32,33,2020-03-02,6:00 PM,Telengana,1,0,0,0,1,32,4,1,0,0,0,0
33,33,34,2020-03-02,6:00 PM,Kerala,3,0,0,0,3,32,4,0,0,0,0,0
34,34,35,2020-03-02,6:00 PM,Delhi,1,0,0,0,1,32,5,1,0,0,0,0
35,35,36,2020-03-03,6:00 PM,Telengana,1,0,0,0,1,33,5,0,0,0,0,0
36,36,37,2020-03-03,6:00 PM,Rajasthan,0,1,0,0,1,33,6,1,0,0,0,0
37,37,38,2020-03-03,6:00 PM,Kerala,3,0,3,0,3,33,6,0,3,3,0,0
38,38,39,2020-03-03,6:00 PM,Delhi,1,0,0,0,1,33,6,0,3,0,0,0
39,39,40,2020-03-04,6:00 PM,Uttar Pradesh,6,0,0,0,6,34,12,6,3,0,0,0
40,40,41,2020-03-04,6:00 PM,Kerala,3,0,3,0,3,34,12,0,3,0,0,0
41,41,42,2020-03-04,6:00 PM,Haryana,0,2,0,0,2,34,14,2,3,0,0,0
42,42,43,2020-03-04,6:00 PM,Delhi,1,0,0,0,1,34,14,0,3,0,0,0
43,43,44,2020-03-04,6:00 PM,Telengana,1,0,0,0,1,34,14,0,3,0,0,0
44,44,45,2020-03-04,6:00 PM,Rajasthan,1,14,0,0,15,34,28,14,3,0,0,0
45,45,46,2020-03-05,6:00 PM,Delhi,2,0,0,0,2,35,29,1,3,0,0,0
46,46,47,2020-03-05,6:00 PM,Haryana,0,2,0,0,2,35,29,0,3,0,0,0
47,47,48,2020-03-05,6:00 PM,Kerala,3,0,3,0,3,35,29,0,3,0,0,0
48,48,49,2020-03-05,6:00 PM,Rajasthan,1,14,0,0,15,35,29,0,3,0,0,0
49,49,50,2020-03-05,6:00 PM,Telengana,1,0,0,0,1,35,29,0,3,0,0,0
50,50,51,2020-03-05,6:00 PM,Uttar Pradesh,7,0,0,0,7,35,30,1,3,0,0,0
51,51,52,2020-03-06,6:00 PM,Delhi,3,0,0,0,3,36,31,1,3,0,0,0
52,52,53,2020-03-06,6:00 PM,Haryana,0,2,0,0,2,36,31,0,3,0,0,0
53,53,54,2020-03-06,6:00 PM,Kerala,3,0,3,0,3,36,31,0,3,0,0,0
54,54,55,2020-03-06,6:00 PM,Rajasthan,1,14,0,0,15,36,31,0,3,0,0,0
55,55,56,2020-03-06,6:00 PM,Uttar Pradesh,7,0,0,0,7,36,31,0,3,0,0,0
56,56,57,2020-03-06,6:00 PM,Telengana,1,0,0,0,1,36,31,0,3,0,0,0
57,57,58,2020-03-07,6:00 PM,Kerala,3,0,3,0,3,37,31,0,3,0,0,0
58,58,59,2020-03-07,6:00 PM,Uttar Pradesh,7,0,0,0,7,37,31,0,3,0,0,0
59,59,60,2020-03-07,6:00 PM,Ladakh,2,0,0,0,2,37,33,2,3,0,0,0
60,60,61,2020-03-07,6:00 PM,Telengana,1,0,0,0,1,37,33,0,3,0,0,0
61,61,62,2020-03-07,6:00 PM,Tamil Nadu,1,0,0,0,1,37,34,1,3,0,0,0
62,62,63,2020-03-07,6:00 PM,Delhi,3,0,0,0,3,37,34,0,3,0,0,0
63,63,64,2020-03-07,6:00 PM,Haryana,0,2,0,0,2,37,34,0,3,0,0,0
64,64,65,2020-03-07,6:00 PM,Rajasthan,1,14,0,0,15,37,34,0,3,0,0,0
65,65,66,2020-03-08,6:00 PM,Ladakh,2,0,0,0,2,38,34,0,3,0,0,0
66,66,67,2020-03-08,6:00 PM,Telengana,1,0,0,0,1,38,34,0,3,0,0,0
67,67,68,2020-03-08,6:00 PM,Tamil Nadu,1,0,0,0,1,38,34,0,3,0,0,0
68,68,69,2020-03-08,6:00 PM,Rajasthan,1,14,0,0,15,38,34,0,3,0,0,0
69,69,70,2020-03-08,6:00 PM,Kerala,8,0,3,0,8,38,39,5,3,0,0,0
70,70,71,2020-03-08,6:00 PM,Haryana,0,2,0,0,2,38,39,0,3,0,0,0
71,71,72,2020-03-08,6:00 PM,Delhi,3,0,0,0,3,38,39,0,3,0,0,0
72,72,73,2020-03-08,6:00 PM,Uttar Pradesh,7,0,0,0,7,38,39,0,3,0,0,0
73,73,74,2020-03-09,6:00 PM,Ladakh,2,0,0,0,2,39,39,0,3,0,0,0
74,74,75,2020-03-09,6:00 PM,Karnataka,1,0,0,0,1,39,40,1,3,0,0,0
75,75,76,2020-03-09,6:00 PM,Kerala,9,0,3,0,9,39,41,1,3,0,0,0
76,76,77,2020-03-09,6:00 PM,Maharashtra,2,0,0,0,2,39,43,2,3,0,0,0
77,77,78,2020-03-09,6:00 PM,Punjab,1,0,0,0,1,39,44,1,3,0,0,0
78,78,79,2020-03-09,6:00 PM,Rajasthan,1,14,0,0,15,39,44,0,3,0,0,0
79,79,80,2020-03-09,6:00 PM,Tamil Nadu,1,0,0,0,1,39,44,0,3,0,0,0
80,80,81,2020-03-09,6:00 PM,Telengana,1,0,0,0,1,39,44,0,3,0,0,0
81,81,82,2020-03-09,6:00 PM,Jammu and Kashmir,1,0,0,0,1,39,45,1,3,0,0,0
82,82,83,2020-03-09,6:00 PM,Uttar Pradesh,7,0,0,0,7,39,45,0,3,0,0,0
83,83,84,2020-03-09,6:00 PM,Haryana,0,2,0,0,2,39,45,0,3,0,0,0
84,84,85,2020-03-09,6:00 PM,Delhi,4,0,0,0,4,39,46,1,3,0,0,0
85,85,86,2020-03-10,6:00 PM,Uttar Pradesh,7,0,0,0,7,40,46,0,3,0,0,0
86,86,87,2020-03-10,6:00 PM,Ladakh,2,0,0,0,2,40,46,0,3,0,0,0
87,87,88,2020-03-10,6:00 PM,Delhi,4,0,0,0,4,40,46,0,3,0,0,0
88,88,89,2020-03-10,6:00 PM,Haryana,0,2,0,0,2,40,46,0,3,0,0,0
89,89,90,2020-03-10,6:00 PM,Karnataka,4,0,0,0,4,40,49,3,3,0,0,0
90,90,91,2020-03-10,6:00 PM,Kerala,15,0,3,0,15,40,55,6,3,0,0,0
91,91,92,2020-03-10,6:00 PM,Maharashtra,5,0,0,0,5,40,58,3,3,0,0,0
92,92,93,2020-03-10,6:00 PM,Punjab,1,0,0,0,1,40,58,0,3,0,0,0
93,93,94,2020-03-10,6:00 PM,Rajasthan,1,14,0,0,15,40,58,0,3,0,0,0
94,94,95,2020-03-10,6:00 PM,Tamil Nadu,1,0,0,0,1,40,58,0,3,0,0,0
95,95,96,2020-03-10,6:00 PM,Telengana,1,0,0,0,1,40,58,0,3,0,0,0
96,96,97,2020-03-10,6:00 PM,Jammu and Kashmir,1,0,0,0,1,40,58,0,3,0,0,0
97,97,98,2020-03-11,6:00 PM,Maharashtra,2,0,0,0,2,41,58,0,3,0,0,0
98,98,99,2020-03-11,6:00 PM,Delhi,5,0,0,0,5,41,59,1,3,0,0,0
99,99,100,2020-03-11,6:00 PM,Haryana,0,14,0,0,14,41,71,12,3,0,0,0
100,100,101,2020-03-11,6:00 PM,Kerala,17,0,3,0,17,41,73,2,3,0,0,0
101,101,102,2020-03-11,6:00 PM,Rajasthan,1,2,0,0,3,41,73,0,3,0,0,0
102,102,103,2020-03-11,6:00 PM,Telengana,1,0,0,0,1,41,73,0,3,0,0,0
103,103,104,2020-03-11,6:00 PM,Uttar Pradesh,9,0,0,0,9,41,75,2,3,0,0,0
104,104,105,2020-03-11,6:00 PM,Ladakh,2,0,0,0,2,41,75,0,3,0,0,0
105,105,106,2020-03-11,6:00 PM,Tamil Nadu,1,0,0,0,1,41,75,0,3,0,0,0
106,106,107,2020-03-11,6:00 PM,Jammu and Kashmir,1,0,0,0,1,41,75,0,3,0,0,0
107,107,108,2020-03-11,6:00 PM,Punjab,1,0,0,0,1,41,75,0,3,0,0,0
108,108,109,2020-03-11,6:00 PM,Karnataka,4,0,0,0,4,41,75,0,3,0,0,0
109,109,110,2020-03-12,6:00 PM,Delhi,6,0,0,0,6,42,76,1,3,0,0,0
110,110,111,2020-03-12,6:00 PM,Haryana,0,14,0,0,14,42,76,0,3,0,0,0
111,111,112,2020-03-12,6:00 PM,Kerala,17,0,3,0,17,42,76,0,3,0,0,0
112,112,113,2020-03-12,6:00 PM,Rajasthan,1,2,0,0,3,42,76,0,3,0,0,0
113,113,114,2020-03-12,6:00 PM,Telengana,1,0,0,0,1,42,76,0,3,0,0,0
114,114,115,2020-03-12,6:00 PM,Uttar Pradesh,10,1,0,0,11,42,78,2,3,0,0,0
115,115,116,2020-03-12,6:00 PM,Ladakh,3,0,0,0,3,42,79,1,3,0,0,0
116,116,117,2020-03-12,6:00 PM,Tamil Nadu,1,0,0,0,1,42,79,0,3,0,0,0
117,117,118,2020-03-12,6:00 PM,Jammu and Kashmir,1,0,0,0,1,42,79,0,3,0,0,0
118,118,119,2020-03-12,6:00 PM,Punjab,1,0,0,0,1,42,79,0,3,0,0,0
119,119,120,2020-03-12,6:00 PM,Karnataka,4,0,0,0,4,42,79,0,3,0,0,0
120,120,121,2020-03-12,6:00 PM,Maharashtra,11,0,0,0,11,42,88,9,3,0,0,0
121,121,122,2020-03-12,6:00 PM,Andhra Pradesh,1,0,0,0,1,42,89,1,3,0,0,0
122,122,123,2020-03-13,6:00 PM,Delhi,6,0,0,0,6,43,89,0,3,0,0,0
123,123,124,2020-03-13,6:00 PM,Haryana,0,14,0,0,14,43,89,0,3,0,0,0
124,124,125,2020-03-13,6:00 PM,Kerala,19,0,3,0,19,43,91,2,3,0,0,0
125,125,126,2020-03-13,6:00 PM,Rajasthan,1,2,0,0,3,43,91,0,3,0,0,0
126,126,127,2020-03-13,6:00 PM,Telengana,1,0,0,0,1,43,91,0,3,0,0,0
127,127,128,2020-03-13,6:00 PM,Uttar Pradesh,10,1,0,0,11,43,91,0,3,0,0,0
128,128,129,2020-03-13,6:00 PM,Ladakh,3,0,0,0,3,43,91,0,3,0,0,0
129,129,130,2020-03-13,6:00 PM,Tamil Nadu,1,0,0,0,1,43,91,0,3,0,0,0
130,130,131,2020-03-13,6:00 PM,Jammu and Kashmir,1,0,0,0,1,43,91,0,3,0,0,0
131,131,132,2020-03-13,6:00 PM,Punjab,1,0,0,0,1,43,91,0,3,0,0,0
132,132,133,2020-03-13,6:00 PM,Karnataka,6,0,0,1,6,43,93,2,3,0,1,1
133,133,134,2020-03-13,6:00 PM,Maharashtra,14,0,0,0,14,43,96,3,3,0,1,0
134,134,135,2020-03-13,6:00 PM,Andhra Pradesh,1,0,0,0,1,43,96,0,3,0,1,0
135,135,136,2020-03-14,6:00 PM,Delhi,7,0,1,1,7,44,97,1,4,1,2,1
136,136,137,2020-03-14,6:00 PM,Haryana,0,14,0,0,14,44,97,0,4,0,2,0
137,137,138,2020-03-14,6:00 PM,Kerala,19,0,3,0,19,44,97,0,4,0,2,0
138,138,139,2020-03-14,6:00 PM,Rajasthan,1,2,1,0,3,44,97,0,5,1,2,0
139,139,140,2020-03-14,6:00 PM,Telengana,1,0,0,0,1,44,97,0,5,0,2,0
140,140,141,2020-03-14,6:00 PM,Uttar Pradesh,11,1,5,0,12,44,98,1,10,5,2,0
141,141,142,2020-03-14,6:00 PM,Ladakh,3,0,0,0,3,44,98,0,10,0,2,0
142,142,143,2020-03-14,6:00 PM,Tamil Nadu,1,0,0,0,1,44,98,0,10,0,2,0
143,143,144,2020-03-14,6:00 PM,Jammu and Kashmir,2,0,0,0,2,44,99,1,10,0,2,0
144,144,145,2020-03-14,6:00 PM,Punjab,1,0,0,0,1,44,99,0,10,0,2,0
145,145,146,2020-03-14,6:00 PM,Karnataka,6,0,0,1,6,44,99,0,10,0,2,0
146,146,147,2020-03-14,6:00 PM,Maharashtra,14,0,0,0,14,44,99,0,10,0,2,0
147,147,148,2020-03-14,6:00 PM,Andhra Pradesh,1,0,0,0,1,44,99,0,10,0,2,0
148,148,149,2020-03-15,6:00 PM,Andhra Pradesh,1,0,0,0,1,45,99,0,10,0,2,0
149,149,150,2020-03-15,6:00 PM,Delhi,7,0,2,1,7,45,99,0,11,1,2,0
150,150,151,2020-03-15,6:00 PM,Haryana,0,14,0,0,14,45,99,0,11,0,2,0
151,151,152,2020-03-15,6:00 PM,Karnataka,6,0,0,1,6,45,99,0,11,0,2,0
152,152,153,2020-03-15,6:00 PM,Kerala,22,0,3,0,22,45,102,3,11,0,2,0
153,153,154,2020-03-15,6:00 PM,Maharashtra,32,0,0,0,32,45,120,18,11,0,2,0
154,154,155,2020-03-15,6:00 PM,Punjab,1,0,0,0,1,45,120,0,11,0,2,0
155,155,156,2020-03-15,6:00 PM,Rajasthan,2,2,3,0,4,45,121,1,13,2,2,0
156,156,157,2020-03-15,6:00 PM,Tamil Nadu,1,0,0,0,1,45,121,0,13,0,2,0
157,157,158,2020-03-15,6:00 PM,Telengana,3,0,1,0,3,45,123,2,14,1,2,0
158,158,159,2020-03-15,6:00 PM,Jammu and Kashmir,2,0,0,0,2,45,123,0,14,0,2,0
159,159,160,2020-03-15,6:00 PM,Ladakh,3,0,0,0,3,45,123,0,14,0,2,0
160,160,161,2020-03-15,6:00 PM,Uttar Pradesh,12,1,4,0,13,45,124,1,14,0,2,0
161,161,162,2020-03-15,6:00 PM,Uttarakhand,1,0,0,0,1,45,125,1,14,0,2,0
162,162,163,2020-03-16,6:00 PM,Andhra Pradesh,1,0,0,0,1,46,125,0,14,0,2,0
163,163,164,2020-03-16,6:00 PM,Delhi,7,0,2,1,7,46,125,0,14,0,2,0
164,164,165,2020-03-16,6:00 PM,Haryana,0,14,0,0,14,46,125,0,14,0,2,0
165,165,166,2020-03-16,6:00 PM,Karnataka,6,0,0,1,6,46,125,0,14,0,2,0
166,166,167,2020-03-16,6:00 PM,Kerala,23,0,3,0,23,46,126,1,14,0,2,0
167,167,168,2020-03-16,6:00 PM,Maharashtra,32,0,0,0,32,46,126,0,14,0,2,0
168,168,169,2020-03-16,6:00 PM,Odisha,1,0,0,0,1,46,127,1,14,0,2,0
169,169,170,2020-03-16,6:00 PM,Punjab,1,0,0,0,1,46,127,0,14,0,2,0
170,170,171,2020-03-16,6:00 PM,Rajasthan,2,2,3,0,4,46,127,0,14,0,2,0
171,171,172,2020-03-16,6:00 PM,Tamil Nadu,1,0,0,0,1,46,127,0,14,0,2,0
172,172,173,2020-03-16,6:00 PM,Telengana,3,0,1,0,3,46,127,0,14,0,2,0
173,173,174,2020-03-16,6:00 PM,Jammu and Kashmir,3,0,0,0,3,46,128,1,14,0,2,0
174,174,175,2020-03-16,6:00 PM,Ladakh,4,0,0,0,4,46,129,1,14,0,2,0
175,175,176,2020-03-16,6:00 PM,Uttar Pradesh,12,1,4,0,13,46,129,0,14,0,2,0
176,176,177,2020-03-16,6:00 PM,Uttarakhand,1,0,0,0,1,46,129,0,14,0,2,0
177,177,178,2020-03-17,6:00 PM,Andhra Pradesh,1,0,0,0,1,47,129,0,14,0,2,0
178,178,179,2020-03-17,6:00 PM,Delhi,8,0,2,1,8,47,130,1,14,0,2,0
179,179,180,2020-03-17,6:00 PM,Haryana,1,14,0,0,15,47,131,1,14,0,2,0
180,180,181,2020-03-17,6:00 PM,Karnataka,11,0,0,1,11,47,136,5,14,0,2,0
181,181,182,2020-03-17,6:00 PM,Kerala,24,2,3,0,26,47,139,3,14,0,2,0
182,182,183,2020-03-17,6:00 PM,Maharashtra,36,3,0,1,39,47,146,7,14,0,3,1
183,183,184,2020-03-17,6:00 PM,Odisha,1,0,0,0,1,47,146,0,14,0,3,0
184,184,185,2020-03-17,6:00 PM,Punjab,1,0,0,0,1,47,146,0,14,0,3,0
185,185,186,2020-03-17,6:00 PM,Rajasthan,2,2,3,0,4,47,146,0,14,0,3,0
186,186,187,2020-03-17,6:00 PM,Tamil Nadu,1,0,0,0,1,47,146,0,14,0,3,0
187,187,188,2020-03-17,6:00 PM,Telengana,3,2,1,0,5,47,148,2,14,0,3,0
188,188,189,2020-03-17,6:00 PM,Jammu and Kashmir,3,0,0,0,3,47,148,0,14,0,3,0
189,189,190,2020-03-17,6:00 PM,Ladakh,6,0,0,0,6,47,150,2,14,0,3,0
190,190,191,2020-03-17,6:00 PM,Uttar Pradesh,14,1,5,0,15,47,152,2,15,1,3,0
191,191,192,2020-03-17,6:00 PM,Uttarakhand,1,0,0,0,1,47,152,0,15,0,3,0
192,192,193,2020-03-18,6:00 PM,Andhra Pradesh,1,0,0,0,1,48,152,0,15,0,3,0
193,193,194,2020-03-18,6:00 PM,Delhi,9,1,2,1,10,48,154,2,15,0,3,0
194,194,195,2020-03-18,6:00 PM,Haryana,3,14,0,0,17,48,156,2,15,0,3,0
195,195,196,2020-03-18,6:00 PM,Karnataka,11,0,0,1,11,48,156,0,15,0,3,0
196,196,197,2020-03-18,6:00 PM,Kerala,25,2,3,0,27,48,157,1,15,0,3,0
197,197,198,2020-03-18,6:00 PM,Maharashtra,39,3,0,1,42,48,160,3,15,0,3,0
198,198,199,2020-03-18,6:00 PM,Odisha,1,0,0,0,1,48,160,0,15,0,3,0
199,199,200,2020-03-18,6:00 PM,Puducherry,1,0,0,0,1,48,161,1,15,0,3,0
200,200,201,2020-03-18,6:00 PM,Punjab,1,0,0,0,1,48,161,0,15,0,3,0
201,201,202,2020-03-18,6:00 PM,Rajasthan,2,2,3,0,4,48,161,0,15,0,3,0
202,202,203,2020-03-18,6:00 PM,Tamil Nadu,1,0,0,0,1,48,161,0,15,0,3,0
203,203,204,2020-03-18,6:00 PM,Telengana,4,2,1,0,6,48,162,1,15,0,3,0
204,204,205,2020-03-18,6:00 PM,Jammu and Kashmir,3,0,0,0,3,48,162,0,15,0,3,0
205,205,206,2020-03-18,6:00 PM,Ladakh,8,0,0,0,8,48,164,2,15,0,3,0
206,206,207,2020-03-18,6:00 PM,Uttar Pradesh,15,1,5,0,16,48,165,1,15,0,3,0
207,207,208,2020-03-18,6:00 PM,Uttarakhand,1,0,0,0,1,48,165,0,15,0,3,0
208,208,209,2020-03-18,6:00 PM,West Bengal,1,0,0,0,1,48,166,1,15,0,3,0
209,209,210,2020-03-19,6:00 PM,Andhra Pradesh,2,0,0,0,2,49,167,1,15,0,3,0
210,210,211,2020-03-19,6:00 PM,Chhattisgarh,1,0,0,0,1,49,168,1,15,0,3,0
211,211,212,2020-03-19,6:00 PM,Delhi,11,1,3,1,12,49,170,2,16,1,3,0
212,212,213,2020-03-19,6:00 PM,Haryana,3,14,0,0,17,49,170,0,16,0,3,0
213,213,214,2020-03-19,6:00 PM,Karnataka,14,0,0,1,14,49,173,3,16,0,3,0
214,214,215,2020-03-19,6:00 PM,Kerala,25,2,3,0,27,49,173,0,16,0,3,0
215,215,216,2020-03-19,6:00 PM,Maharashtra,44,3,0,1,47,49,178,5,16,0,3,0
216,216,217,2020-03-19,6:00 PM,Odisha,1,0,0,0,1,49,178,0,16,0,3,0
217,217,218,2020-03-19,6:00 PM,Puducherry,1,0,0,0,1,49,178,0,16,0,3,0
218,218,219,2020-03-19,6:00 PM,Punjab,2,0,0,1,2,49,179,1,16,0,4,1
219,219,220,2020-03-19,6:00 PM,Rajasthan,5,2,3,0,7,49,182,3,16,0,4,0
220,220,221,2020-03-19,6:00 PM,Tamil Nadu,2,0,1,0,2,49,183,1,17,1,4,0
221,221,222,2020-03-19,6:00 PM,Telengana,4,2,1,0,6,49,183,0,17,0,4,0
222,222,223,2020-03-19,6:00 PM,Chandigarh,1,0,0,0,1,49,184,1,17,0,4,0
223,223,224,2020-03-19,6:00 PM,Jammu and Kashmir,4,0,0,0,4,49,185,1,17,0,4,0
224,224,225,2020-03-19,6:00 PM,Ladakh,8,0,0,0,8,49,185,0,17,0,4,0
225,225,226,2020-03-19,6:00 PM,Uttar Pradesh,18,1,9,0,19,49,188,3,21,4,4,0
226,226,227,2020-03-19,6:00 PM,Uttarakhand,1,0,0,0,1,49,188,0,21,0,4,0
227,227,228,2020-03-19,6:00 PM,West Bengal,1,0,0,0,1,49,188,0,21,0,4,0
228,228,229,2020-03-20,6:00 PM,Andhra Pradesh,3,0,0,0,3,50,189,1,21,0,4,0
229,229,230,2020-03-20,6:00 PM,Chhattisgarh,1,0,0,0,1,50,189,0,21,0,4,0
230,230,231,2020-03-20,6:00 PM,Delhi,16,1,5,1,17,50,194,5,23,2,4,0
231,231,232,2020-03-20,6:00 PM,Gujarat,5,0,0,0,5,50,199,5,23,0,4,0
232,232,233,2020-03-20,6:00 PM,Haryana,3,14,0,0,17,50,199,0,23,0,4,0
233,233,234,2020-03-20,6:00 PM,Karnataka,15,0,1,1,15,50,200,1,24,1,4,0
234,234,235,2020-03-20,6:00 PM,Kerala,26,2,3,0,28,50,201,1,24,0,4,0
235,235,236,2020-03-20,6:00 PM,Maharashtra,49,3,0,1,52,50,206,5,24,0,4,0
236,236,237,2020-03-20,6:00 PM,Odisha,2,0,0,0,2,50,207,1,24,0,4,0
237,237,238,2020-03-20,6:00 PM,Puducherry,1,0,0,0,1,50,207,0,24,0,4,0
238,238,239,2020-03-20,6:00 PM,Punjab,2,0,0,1,2,50,207,0,24,0,4,0
239,239,240,2020-03-20,6:00 PM,Rajasthan,15,2,3,0,17,50,217,10,24,0,4,0
240,240,241,2020-03-20,6:00 PM,Tamil Nadu,3,0,1,0,3,50,218,1,24,0,4,0
241,241,242,2020-03-20,6:00 PM,Telengana,8,9,1,0,17,50,229,11,24,0,4,0
242,242,243,2020-03-20,6:00 PM,Chandigarh,1,0,0,0,1,50,229,0,24,0,4,0
243,243,244,2020-03-20,6:00 PM,Jammu and Kashmir,4,0,0,0,4,50,229,0,24,0,4,0
244,244,245,2020-03-20,6:00 PM,Ladakh,10,0,0,0,10,50,231,2,24,0,4,0
245,245,246,2020-03-20,6:00 PM,Uttar Pradesh,22,1,9,0,23,50,235,4,24,0,4,0
246,246,247,2020-03-20,6:00 PM,Uttarakhand,3,0,0,0,3,50,237,2,24,0,4,0
247,247,248,2020-03-20,6:00 PM,West Bengal,2,0,0,0,2,50,238,1,24,0,4,0
248,248,249,2020-03-21,6:00 PM,Andhra Pradesh,3,0,0,0,3,51,238,0,24,0,4,0
249,249,250,2020-03-21,6:00 PM,Chhattisgarh,1,0,0,0,1,51,238,0,24,0,4,0
250,250,251,2020-03-21,6:00 PM,Delhi,25,1,5,1,26,51,247,9,24,0,4,0
251,251,252,2020-03-21,6:00 PM,Gujarat,7,0,0,0,7,51,249,2,24,0,4,0
252,252,253,2020-03-21,6:00 PM,Haryana,3,14,0,0,17,51,249,0,24,0,4,0
253,253,254,2020-03-21,6:00 PM,Himachal Pradesh,2,0,0,0,2,51,251,2,24,0,4,0
254,254,255,2020-03-21,6:00 PM,Karnataka,15,0,1,1,15,51,251,0,24,0,4,0
255,255,256,2020-03-21,6:00 PM,Kerala,33,7,3,0,40,51,263,12,24,0,4,0
256,256,257,2020-03-21,6:00 PM,Madhya Pradesh,4,0,0,0,4,51,267,4,24,0,4,0
257,257,258,2020-03-21,6:00 PM,Maharashtra,60,3,0,1,63,51,278,11,24,0,4,0
258,258,259,2020-03-21,6:00 PM,Odisha,2,0,0,0,2,51,278,0,24,0,4,0
259,259,260,2020-03-21,6:00 PM,Puducherry,1,0,0,0,1,51,278,0,24,0,4,0
260,260,261,2020-03-21,6:00 PM,Punjab,13,0,0,1,13,51,289,11,24,0,4,0
261,261,262,2020-03-21,6:00 PM,Rajasthan,15,2,3,0,17,51,289,0,24,0,4,0
262,262,263,2020-03-21,6:00 PM,Tamil Nadu,3,0,1,0,3,51,289,0,24,0,4,0
263,263,264,2020-03-21,6:00 PM,Telengana,10,11,1,0,21,51,293,4,24,0,4,0
264,264,265,2020-03-21,6:00 PM,Chandigarh,1,0,0,0,1,51,293,0,24,0,4,0
265,265,266,2020-03-21,6:00 PM,Jammu and Kashmir,4,0,0,0,4,51,293,0,24,0,4,0
266,266,267,2020-03-21,6:00 PM,Ladakh,13,0,0,0,13,51,296,3,24,0,4,0
267,267,268,2020-03-21,6:00 PM,Uttar Pradesh,23,1,9,0,24,51,297,1,24,0,4,0
268,268,269,2020-03-21,6:00 PM,Uttarakhand,3,0,0,0,3,51,297,0,24,0,4,0
269,269,270,2020-03-21,6:00 PM,West Bengal,3,0,0,0,3,51,298,1,24,0,4,0
270,270,271,2020-03-22,6:00 PM,Andhra Pradesh,5,0,0,0,5,52,300,2,24,0,4,0
271,271,272,2020-03-22,6:00 PM,Bihar,2,0,0,1,2,52,302,2,24,0,5,1
272,272,273,2020-03-22,6:00 PM,Chhattisgarh,1,0,0,0,1,52,302,0,24,0,5,0
273,273,274,2020-03-22,6:00 PM,Delhi,28,1,5,1,29,52,305,3,24,0,5,0
274,274,275,2020-03-22,6:00 PM,Gujarat,18,0,0,1,18,52,316,11,24,0,6,1
275,275,276,2020-03-22,6:00 PM,Haryana,7,14,0,0,21,52,320,4,24,0,6,0
276,276,277,2020-03-22,6:00 PM,Himachal Pradesh,2,0,0,0,2,52,320,0,24,0,6,0
277,277,278,2020-03-22,6:00 PM,Karnataka,26,0,2,1,26,52,331,11,25,1,6,0
278,278,279,2020-03-22,6:00 PM,Kerala,45,7,3,0,52,52,343,12,25,0,6,0
279,279,280,2020-03-22,6:00 PM,Madhya Pradesh,4,0,0,0,4,52,343,0,25,0,6,0
280,280,281,2020-03-22,6:00 PM,Maharashtra,64,3,0,2,67,52,347,4,25,0,7,1
281,281,282,2020-03-22,6:00 PM,Odisha,2,0,0,0,2,52,347,0,25,0,7,0
282,282,283,2020-03-22,6:00 PM,Puducherry,1,0,0,0,1,52,347,0,25,0,7,0
283,283,284,2020-03-22,6:00 PM,Punjab,21,0,0,1,21,52,355,8,25,0,7,0
284,284,285,2020-03-22,6:00 PM,Rajasthan,22,2,3,0,24,52,362,7,25,0,7,0
285,285,286,2020-03-22,6:00 PM,Tamil Nadu,5,2,1,0,7,52,366,4,25,0,7,0
286,286,287,2020-03-22,6:00 PM,Telengana,11,11,1,0,22,52,367,1,25,0,7,0
287,287,288,2020-03-22,6:00 PM,Chandigarh,5,0,0,0,5,52,371,4,25,0,7,0
288,288,289,2020-03-22,6:00 PM,Jammu and Kashmir,4,0,0,0,4,52,371,0,25,0,7,0
289,289,290,2020-03-22,6:00 PM,Ladakh,13,0,0,0,13,52,371,0,25,0,7,0
290,290,291,2020-03-22,6:00 PM,Uttar Pradesh,26,1,9,0,27,52,374,3,25,0,7,0
291,291,292,2020-03-22,6:00 PM,Uttarakhand,3,0,0,0,3,52,374,0,25,0,7,0
292,292,293,2020-03-22,6:00 PM,West Bengal,4,0,0,0,4,52,375,1,25,0,7,0
293,293,294,2020-03-23,6:00 PM,Andhra Pradesh,7,0,0,0,7,53,377,2,25,0,7,0
294,294,295,2020-03-23,6:00 PM,Bihar,2,0,0,1,2,53,377,0,25,0,7,0
295,295,296,2020-03-23,6:00 PM,Chhattisgarh,1,0,0,0,1,53,377,0,25,0,7,0
296,296,297,2020-03-23,6:00 PM,Delhi,28,1,5,1,29,53,377,0,25,0,7,0
297,297,298,2020-03-23,6:00 PM,Gujarat,29,0,0,1,29,53,388,11,25,0,7,0
298,298,299,2020-03-23,6:00 PM,Haryana,12,14,0,0,26,53,393,5,25,0,7,0
299,299,300,2020-03-23,6:00 PM,Himachal Pradesh,2,0,0,0,2,53,393,0,25,0,7,0
300,300,301,2020-03-23,6:00 PM,Karnataka,33,0,2,1,33,53,400,7,25,0,7,0
301,301,302,2020-03-23,6:00 PM,Kerala,60,7,3,0,67,53,415,15,25,0,7,0
302,302,303,2020-03-23,6:00 PM,Madhya Pradesh,6,0,0,0,6,53,417,2,25,0,7,0
303,303,304,2020-03-23,6:00 PM,Maharashtra,71,3,0,2,74,53,424,7,25,0,7,0
304,304,305,2020-03-23,6:00 PM,Odisha,2,0,0,0,2,53,424,0,25,0,7,0
305,305,306,2020-03-23,6:00 PM,Puducherry,1,0,0,0,1,53,424,0,25,0,7,0
306,306,307,2020-03-23,6:00 PM,Punjab,21,0,0,1,21,53,424,0,25,0,7,0
307,307,308,2020-03-23,6:00 PM,Rajasthan,26,2,3,0,28,53,428,4,25,0,7,0
308,308,309,2020-03-23,6:00 PM,Tamil Nadu,7,2,1,0,9,53,430,2,25,0,7,0
309,309,310,2020-03-23,6:00 PM,Telengana,22,10,1,0,32,53,440,10,25,0,7,0
310,310,311,2020-03-23,6:00 PM,Chandigarh,6,0,0,0,6,53,441,1,25,0,7,0
311,311,312,2020-03-23,6:00 PM,Jammu and Kashmir,4,0,0,0,4,53,441,0,25,0,7,0
312,312,313,2020-03-23,6:00 PM,Ladakh,13,0,0,0,13,53,441,0,25,0,7,0
313,313,314,2020-03-23,6:00 PM,Uttar Pradesh,30,1,9,0,31,53,445,4,25,0,7,0
314,314,315,2020-03-23,6:00 PM,Uttarakhand,3,0,0,0,3,53,445,0,25,0,7,0
315,315,316,2020-03-23,6:00 PM,West Bengal,7,0,0,0,7,53,448,3,25,0,7,0
316,316,317,2020-03-24,6:00 PM,Andhra Pradesh,8,0,0,0,8,54,449,1,25,0,7,0
317,317,318,2020-03-24,6:00 PM,Bihar,3,0,0,1,3,54,450,1,25,0,7,0
318,318,319,2020-03-24,6:00 PM,Chhattisgarh,1,0,0,0,1,54,450,0,25,0,7,0
319,319,320,2020-03-24,6:00 PM,Delhi,29,1,6,1,30,54,451,1,26,1,7,0
320,320,321,2020-03-24,6:00 PM,Gujarat,32,1,0,1,33,54,455,4,26,0,7,0
321,321,322,2020-03-24,6:00 PM,Haryana,14,14,11,0,28,54,457,2,37,11,7,0
322,322,323,2020-03-24,6:00 PM,Himachal Pradesh,3,0,0,1,3,54,458,1,37,0,8,1
323,323,324,2020-03-24,6:00 PM,Karnataka,37,0,3,1,37,54,462,4,38,1,8,0
324,324,325,2020-03-24,6:00 PM,Kerala,87,8,4,0,95,54,490,28,39,1,8,0
325,325,326,2020-03-24,6:00 PM,Madhya Pradesh,7,0,0,0,7,54,491,1,39,0,8,0
326,326,327,2020-03-24,6:00 PM,Maharashtra,86,3,0,2,89,54,506,15,39,0,8,0
327,327,328,2020-03-24,6:00 PM,Manipur,1,0,0,0,1,54,507,1,39,0,8,0
328,328,329,2020-03-24,6:00 PM,Odisha,2,0,0,0,2,54,507,0,39,0,8,0
329,329,330,2020-03-24,6:00 PM,Puducherry,1,0,0,0,1,54,507,0,39,0,8,0
330,330,331,2020-03-24,6:00 PM,Punjab,29,0,0,1,29,54,515,8,39,0,8,0
331,331,332,2020-03-24,6:00 PM,Rajasthan,30,2,3,0,32,54,519,4,39,0,8,0
332,332,333,2020-03-24,6:00 PM,Tamil Nadu,13,2,1,0,15,54,525,6,39,0,8,0
333,333,334,2020-03-24,6:00 PM,Telengana,25,10,1,0,35,54,528,3,39,0,8,0
334,334,335,2020-03-24,6:00 PM,Chandigarh,7,0,0,0,7,54,529,1,39,0,8,0
335,335,336,2020-03-24,6:00 PM,Jammu and Kashmir,4,0,0,0,4,54,529,0,39,0,8,0
336,336,337,2020-03-24,6:00 PM,Ladakh,13,0,0,0,13,54,529,0,39,0,8,0
337,337,338,2020-03-24,6:00 PM,Uttar Pradesh,32,1,11,0,33,54,531,2,41,2,8,0
338,338,339,2020-03-24,6:00 PM,Uttarakhand,3,1,0,0,4,54,532,1,41,0,8,0
339,339,340,2020-03-24,6:00 PM,West Bengal,9,0,0,1,9,54,534,2,41,0,9,1
340,340,341,2020-03-25,6:00 PM,Andhra Pradesh,9,0,1,0,9,55,535,1,42,1,9,0
341,341,342,2020-03-25,6:00 PM,Bihar,4,0,0,1,4,55,536,1,42,0,9,0
342,342,343,2020-03-25,6:00 PM,Chhattisgarh,1,0,0,0,1,55,536,0,42,0,9,0
343,343,344,2020-03-25,6:00 PM,Delhi,30,1,6,1,31,55,537,1,42,0,9,0
344,344,345,2020-03-25,6:00 PM,Gujarat,37,1,0,1,38,55,542,5,42,0,9,0
345,345,346,2020-03-25,6:00 PM,Haryana,14,14,11,0,28,55,542,0,42,0,9,0
346,346,347,2020-03-25,6:00 PM,Himachal Pradesh,3,0,0,1,3,55,542,0,42,0,9,0
347,347,348,2020-03-25,6:00 PM,Karnataka,41,0,3,1,41,55,546,4,42,0,9,0
348,348,349,2020-03-25,6:00 PM,Kerala,101,8,4,0,109,55,560,14,42,0,9,0
349,349,350,2020-03-25,6:00 PM,Madhya Pradesh,14,0,0,0,14,55,567,7,42,0,9,0
350,350,351,2020-03-25,6:00 PM,Maharashtra,125,3,1,3,128,55,606,39,43,1,10,1
351,351,352,2020-03-25,6:00 PM,Manipur,1,0,0,0,1,55,606,0,43,0,10,0
352,352,353,2020-03-25,6:00 PM,Mizoram,1,0,0,0,1,55,607,1,43,0,10,0
353,353,354,2020-03-25,6:00 PM,Odisha,2,0,0,0,2,55,607,0,43,0,10,0
354,354,355,2020-03-25,6:00 PM,Puducherry,1,0,0,0,1,55,607,0,43,0,10,0
355,355,356,2020-03-25,6:00 PM,Punjab,29,0,0,1,29,55,607,0,43,0,10,0
356,356,357,2020-03-25,6:00 PM,Rajasthan,34,2,3,0,36,55,611,4,43,0,10,0
357,357,358,2020-03-25,6:00 PM,Tamil Nadu,16,2,1,0,18,55,614,3,43,0,10,0
358,358,359,2020-03-25,6:00 PM,Telengana,25,10,1,0,35,55,614,0,43,0,10,0
359,359,360,2020-03-25,6:00 PM,Chandigarh,7,0,0,0,7,55,614,0,43,0,10,0
360,360,361,2020-03-25,6:00 PM,Jammu and Kashmir,7,0,1,0,7,55,617,3,44,1,10,0
361,361,362,2020-03-25,6:00 PM,Ladakh,13,0,0,0,13,55,617,0,44,0,10,0
362,362,363,2020-03-25,6:00 PM,Uttar Pradesh,36,1,11,0,37,55,621,4,44,0,10,0
363,363,364,2020-03-25,6:00 PM,Uttarakhand,3,1,0,0,4,55,621,0,44,0,10,0
364,364,365,2020-03-25,6:00 PM,West Bengal,9,0,0,1,9,55,621,0,44,0,10,0
365,365,366,2020-03-26,6:00 PM,Andaman and Nicobar Islands,1,0,0,0,1,56,622,1,44,0,10,0
366,366,367,2020-03-26,6:00 PM,Andhra Pradesh,11,0,1,0,11,56,624,2,44,0,10,0
367,367,368,2020-03-26,6:00 PM,Bihar,6,0,0,1,6,56,626,2,44,0,10,0
368,368,369,2020-03-26,6:00 PM,Chandigarh,7,0,0,0,7,56,626,0,44,0,10,0
369,369,370,2020-03-26,6:00 PM,Chhattisgarh,6,0,0,0,6,56,631,5,44,0,10,0
370,370,371,2020-03-26,6:00 PM,Delhi,35,1,6,1,36,56,636,5,44,0,10,0
371,371,372,2020-03-26,6:00 PM,Goa,3,0,0,0,3,56,639,3,44,0,10,0
372,372,373,2020-03-26,6:00 PM,Gujarat,42,1,0,3,43,56,644,5,44,0,12,2
373,373,374,2020-03-26,6:00 PM,Haryana,16,14,11,0,30,56,646,2,44,0,12,0
374,374,375,2020-03-26,6:00 PM,Himachal Pradesh,3,0,0,1,3,56,646,0,44,0,12,0
375,375,376,2020-03-26,6:00 PM,Jammu and Kashmir,13,0,1,0,13,56,652,6,44,0,12,0
376,376,377,2020-03-26,6:00 PM,Karnataka,55,0,3,2,55,56,666,14,44,0,13,1
377,377,378,2020-03-26,6:00 PM,Kerala,110,8,6,0,118,56,675,9,46,2,13,0
378,378,379,2020-03-26,6:00 PM,Ladakh,13,0,0,0,13,56,675,0,46,0,13,0
379,379,380,2020-03-26,6:00 PM,Madhya Pradesh,20,0,0,1,20,56,681,6,46,0,14,1
380,380,381,2020-03-26,6:00 PM,Maharashtra,121,3,1,3,124,56,681,0,46,0,14,0
381,381,382,2020-03-26,6:00 PM,Manipur,1,0,0,0,1,56,681,0,46,0,14,0
382,382,383,2020-03-26,6:00 PM,Mizoram,1,0,0,0,1,56,681,0,46,0,14,0
383,383,384,2020-03-26,6:00 PM,Odisha,2,0,0,0,2,56,681,0,46,0,14,0
384,384,385,2020-03-26,6:00 PM,Puducherry,1,0,0,0,1,56,681,0,46,0,14,0
385,385,386,2020-03-26,6:00 PM,Punjab,33,0,0,1,33,56,685,4,46,0,14,0
386,386,387,2020-03-26,6:00 PM,Rajasthan,39,2,3,0,41,56,690,5,46,0,14,0
387,387,388,2020-03-26,6:00 PM,Tamil Nadu,20,6,1,1,26,56,698,8,46,0,15,1
388,388,389,2020-03-26,6:00 PM,Telengana,34,10,1,0,44,56,707,9,46,0,15,0
389,389,390,2020-03-26,6:00 PM,Uttarakhand,4,1,0,0,5,56,708,1,46,0,15,0
390,390,391,2020-03-26,6:00 PM,Uttar Pradesh,40,1,11,0,41,56,712,4,46,0,15,0
391,391,392,2020-03-26,6:00 PM,West Bengal,10,0,0,1,10,56,713,1,46,0,15,0
392,392,393,2020-03-27,10:00 AM,Andaman and Nicobar Islands,1,0,0,0,1,57,713,0,46,0,15,0
393,393,394,2020-03-27,10:00 AM,Andhra Pradesh,12,0,1,0,12,57,714,1,46,0,15,0
394,394,395,2020-03-27,10:00 AM,Bihar,6,0,0,1,6,57,714,0,46,0,15,0
395,395,396,2020-03-27,10:00 AM,Chandigarh,7,0,0,0,7,57,714,0,46,0,15,0
396,396,397,2020-03-27,10:00 AM,Chhattisgarh,6,0,0,0,6,57,714,0,46,0,15,0
397,397,398,2020-03-27,10:00 AM,Delhi,35,1,6,1,36,57,714,0,46,0,15,0
398,398,399,2020-03-27,10:00 AM,Goa,3,0,0,0,3,57,714,0,46,0,15,0
399,399,400,2020-03-27,10:00 AM,Gujarat,42,1,0,3,43,57,714,0,46,0,15,0
400,400,401,2020-03-27,10:00 AM,Haryana,16,14,11,0,30,57,714,0,46,0,15,0
401,401,402,2020-03-27,10:00 AM,Himachal Pradesh,3,0,0,1,3,57,714,0,46,0,15,0
402,402,403,2020-03-27,10:00 AM,Jammu and Kashmir,13,0,1,1,13,57,714,0,46,0,16,1
403,403,404,2020-03-27,10:00 AM,Karnataka,55,0,3,2,55,57,714,0,46,0,16,0
404,404,405,2020-03-27,10:00 AM,Kerala,129,8,11,0,137,57,733,19,51,5,16,0
405,405,406,2020-03-27,10:00 AM,Ladakh,13,0,3,0,13,57,733,0,54,3,16,0
406,406,407,2020-03-27,10:00 AM,Madhya Pradesh,20,0,0,1,20,57,733,0,54,0,16,0
407,407,408,2020-03-27,10:00 AM,Maharashtra,127,3,15,4,130,57,739,6,68,14,17,1
408,408,409,2020-03-27,10:00 AM,Manipur,1,0,0,0,1,57,739,0,68,0,17,0
409,409,410,2020-03-27,10:00 AM,Mizoram,1,0,0,0,1,57,739,0,68,0,17,0
410,410,411,2020-03-27,10:00 AM,Odisha,2,0,0,0,2,57,739,0,68,0,17,0
411,411,412,2020-03-27,10:00 AM,Puducherry,1,0,0,0,1,57,739,0,68,0,17,0
412,412,413,2020-03-27,10:00 AM,Punjab,33,0,0,1,33,57,739,0,68,0,17,0
413,413,414,2020-03-27,10:00 AM,Rajasthan,39,2,3,0,41,57,739,0,68,0,17,0
414,414,415,2020-03-27,10:00 AM,Tamil Nadu,23,6,1,1,29,57,742,3,68,0,17,0
415,415,416,2020-03-27,10:00 AM,Telengana,35,10,1,0,45,57,743,1,68,0,17,0
416,416,417,2020-03-27,10:00 AM,Uttarakhand,4,1,0,0,5,57,743,0,68,0,17,0
417,417,418,2020-03-27,10:00 AM,Uttar Pradesh,40,1,11,0,41,57,743,0,68,0,17,0
418,418,419,2020-03-27,10:00 AM,West Bengal,10,0,0,1,10,57,743,0,68,0,17,0
419,419,420,2020-03-28,6:00 PM,Andhra Pradesh,14,0,1,0,14,58,745,2,68,0,17,0
420,420,421,2020-03-28,6:00 PM,Andaman and Nicobar Islands,6,0,0,0,6,58,750,5,68,0,17,0
421,421,422,2020-03-28,6:00 PM,Bihar,9,0,0,1,9,58,753,3,68,0,17,0
422,422,423,2020-03-28,6:00 PM,Chandigarh,8,0,0,0,8,58,754,1,68,0,17,0
423,423,424,2020-03-28,6:00 PM,Chhattisgarh,6,0,0,0,6,58,754,0,68,0,17,0
424,424,425,2020-03-28,6:00 PM,Delhi,38,1,6,1,39,58,757,3,68,0,17,0
425,425,426,2020-03-28,6:00 PM,Goa,3,0,0,0,3,58,757,0,68,0,17,0
426,426,427,2020-03-28,6:00 PM,Gujarat,44,1,0,3,45,58,759,2,68,0,17,0
427,427,428,2020-03-28,6:00 PM,Haryana,19,14,12,0,33,58,762,3,69,1,17,0
428,428,429,2020-03-28,6:00 PM,Himachal Pradesh,3,0,0,1,3,58,762,0,69,0,17,0
429,429,430,2020-03-28,6:00 PM,Jammu and Kashmir,20,0,1,1,20,58,769,7,69,0,17,0
430,430,431,2020-03-28,6:00 PM,Karnataka,55,0,3,2,55,58,769,0,69,0,17,0
431,431,432,2020-03-28,6:00 PM,Kerala,168,8,11,0,176,58,808,39,69,0,17,0
432,432,433,2020-03-28,6:00 PM,Ladakh,13,0,3,0,13,58,808,0,69,0,17,0
433,433,434,2020-03-28,6:00 PM,Madhya Pradesh,30,0,0,2,30,58,818,10,69,0,18,1
434,434,435,2020-03-28,6:00 PM,Maharashtra,177,3,25,5,180,58,868,50,79,10,19,1
435,435,436,2020-03-28,6:00 PM,Manipur,1,0,0,0,1,58,868,0,79,0,19,0
436,436,437,2020-03-28,6:00 PM,Mizoram,1,0,0,0,1,58,868,0,79,0,19,0
437,437,438,2020-03-28,6:00 PM,Odisha,3,0,0,0,3,58,869,1,79,0,19,0
438,438,439,2020-03-28,6:00 PM,Puducherry,1,0,0,0,1,58,869,0,79,0,19,0
439,439,440,2020-03-28,6:00 PM,Punjab,38,0,1,1,38,58,874,5,80,1,19,0
440,440,441,2020-03-28,6:00 PM,Rajasthan,52,2,3,0,54,58,887,13,80,0,19,0
441,441,442,2020-03-28,6:00 PM,Tamil Nadu,34,6,2,1,40,58,898,11,81,1,19,0
442,442,443,2020-03-28,6:00 PM,Telengana,46,10,1,0,56,58,909,11,81,0,19,0
443,443,444,2020-03-28,6:00 PM,Uttarakhand,4,1,0,0,5,58,909,0,81,0,19,0
444,444,445,2020-03-28,6:00 PM,Uttar Pradesh,54,1,11,0,55,58,923,14,81,0,19,0
445,445,446,2020-03-28,6:00 PM,West Bengal,15,0,0,1,15,58,928,5,81,0,19,0
446,446,447,2020-03-29,7:30 PM,Andhra Pradesh,-,-,1,0,19,59,933,5,81,0,19,0
447,447,448,2020-03-29,7:30 PM,Andaman and Nicobar Islands,-,-,0,0,9,59,936,3,81,0,19,0
448,448,449,2020-03-29,7:30 PM,Bihar,-,-,0,1,11,59,938,2,81,0,19,0
449,449,450,2020-03-29,7:30 PM,Chandigarh,-,-,0,0,8,59,938,0,81,0,19,0
450,450,451,2020-03-29,7:30 PM,Chhattisgarh,-,-,0,0,7,59,939,1,81,0,19,0
451,451,452,2020-03-29,7:30 PM,Delhi,-,-,6,2,49,59,949,10,81,0,20,1
452,452,453,2020-03-29,7:30 PM,Goa,-,-,0,0,5,59,951,2,81,0,20,0
453,453,454,2020-03-29,7:30 PM,Gujarat,-,-,1,5,58,59,964,13,82,1,22,2
454,454,455,2020-03-29,7:30 PM,Haryana,-,-,17,0,33,59,964,0,87,5,22,0
455,455,456,2020-03-29,7:30 PM,Himachal Pradesh,-,-,0,1,3,59,964,0,87,0,22,0
456,456,457,2020-03-29,7:30 PM,Jammu and Kashmir,-,-,1,2,31,59,975,11,87,0,23,1
457,457,458,2020-03-29,7:30 PM,Karnataka,-,-,5,3,76,59,996,21,89,2,24,1
458,458,459,2020-03-29,7:30 PM,Kerala,-,-,15,1,182,59,1002,6,93,4,25,1
459,459,460,2020-03-29,7:30 PM,Ladakh,-,-,3,0,13,59,1002,0,93,0,25,0
460,460,461,2020-03-29,7:30 PM,Madhya Pradesh,-,-,0,2,30,59,1002,0,93,0,25,0
461,461,462,2020-03-29,7:30 PM,Maharashtra,-,-,25,6,186,59,1008,6,93,0,26,1
462,462,463,2020-03-29,7:30 PM,Manipur,-,-,0,0,1,59,1008,0,93,0,26,0
463,463,464,2020-03-29,7:30 PM,Mizoram,-,-,0,0,1,59,1008,0,93,0,26,0
464,464,465,2020-03-29,7:30 PM,Odisha,-,-,0,0,3,59,1008,0,93,0,26,0
465,465,466,2020-03-29,7:30 PM,Puducherry,-,-,0,0,1,59,1008,0,93,0,26,0
466,466,467,2020-03-29,7:30 PM,Punjab,-,-,1,1,38,59,1008,0,93,0,26,0
467,467,468,2020-03-29,7:30 PM,Rajasthan,-,-,3,0,55,59,1009,1,93,0,26,0
468,468,469,2020-03-29,7:30 PM,Tamil Nadu,-,-,4,1,49,59,1018,9,95,2,26,0
469,469,470,2020-03-29,7:30 PM,Telengana,-,-,1,1,66,59,1028,10,95,0,27,1
470,470,471,2020-03-29,7:30 PM,Uttarakhand,-,-,2,0,7,59,1030,2,97,2,27,0
471,471,472,2020-03-29,7:30 PM,Uttar Pradesh,-,-,11,0,65,59,1040,10,97,0,27,0
472,472,473,2020-03-29,7:30 PM,West Bengal,-,-,0,1,18,59,1043,3,97,0,27,0
473,473,474,2020-03-30,9:30 PM,Andhra Pradesh,-,-,1,0,23,60,1047,4,97,0,27,0
474,474,475,2020-03-30,9:30 PM,Andaman and Nicobar Islands,-,-,0,0,9,60,1047,0,97,0,27,0
475,475,476,2020-03-30,9:30 PM,Bihar,-,-,0,1,15,60,1051,4,97,0,27,0
476,476,477,2020-03-30,9:30 PM,Chandigarh,-,-,0,0,8,60,1051,0,97,0,27,0
477,477,478,2020-03-30,9:30 PM,Chhattisgarh,-,-,0,0,7,60,1051,0,97,0,27,0
478,478,479,2020-03-30,9:30 PM,Delhi,-,-,6,2,87,60,1089,38,97,0,27,0
479,479,480,2020-03-30,9:30 PM,Goa,-,-,0,0,5,60,1089,0,97,0,27,0
480,480,481,2020-03-30,9:30 PM,Gujarat,-,-,1,6,69,60,1100,11,97,0,28,1
481,481,482,2020-03-30,9:30 PM,Haryana,-,-,18,0,36,60,1103,3,98,1,28,0
482,482,483,2020-03-30,9:30 PM,Himachal Pradesh,-,-,0,1,3,60,1103,0,98,0,28,0
483,483,484,2020-03-30,9:30 PM,Jammu and Kashmir,-,-,2,2,48,60,1120,17,99,1,28,0
484,484,485,2020-03-30,9:30 PM,Karnataka,-,-,5,3,83,60,1127,7,99,0,28,0
485,485,486,2020-03-30,9:30 PM,Kerala,-,-,19,1,202,60,1147,20,103,4,28,0
486,486,487,2020-03-30,9:30 PM,Ladakh,-,-,3,0,13,60,1147,0,103,0,28,0
487,487,488,2020-03-30,9:30 PM,Madhya Pradesh,-,-,0,3,47,60,1164,17,103,0,29,1
488,488,489,2020-03-30,9:30 PM,Maharashtra,-,-,25,8,198,60,1176,12,103,0,31,2
489,489,490,2020-03-30,9:30 PM,Manipur,-,-,0,0,1,60,1176,0,103,0,31,0
490,490,491,2020-03-30,9:30 PM,Mizoram,-,-,0,0,1,60,1176,0,103,0,31,0
491,491,492,2020-03-30,9:30 PM,Odisha,-,-,0,0,3,60,1176,0,103,0,31,0
492,492,493,2020-03-30,9:30 PM,Puducherry,-,-,0,0,1,60,1176,0,103,0,31,0
493,493,494,2020-03-30,9:30 PM,Punjab,-,-,1,1,38,60,1176,0,103,0,31,0
494,494,495,2020-03-30,9:30 PM,Rajasthan,-,-,3,0,59,60,1180,4,103,0,31,0
495,495,496,2020-03-30,9:30 PM,Tamil Nadu,-,-,4,1,67,60,1198,18,103,0,31,0
496,496,497,2020-03-30,9:30 PM,Telengana,-,-,1,1,71,60,1203,5,103,0,31,0
497,497,498,2020-03-30,9:30 PM,Uttarakhand,-,-,2,0,7,60,1203,0,103,0,31,0
498,498,499,2020-03-30,9:30 PM,Uttar Pradesh,-,-,11,0,82,60,1220,17,103,0,31,0
499,499,500,2020-03-30,9:30 PM,West Bengal,-,-,0,1,22,60,1224,4,103,0,31,0
500,500,501,2020-03-30,9:30 PM,Unassigned,-,-,0,0,46,60,1270,46,103,0,31,0
501,501,502,2020-03-31,8:30 PM,Andhra Pradesh,-,-,1,0,40,61,1287,17,103,0,31,0
502,502,503,2020-03-31,8:30 PM,Andaman and Nicobar Islands,-,-,0,0,10,61,1288,1,103,0,31,0
503,503,504,2020-03-31,8:30 PM,Bihar,-,-,0,1,15,61,1288,0,103,0,31,0
504,504,505,2020-03-31,8:30 PM,Chandigarh,-,-,0,0,13,61,1293,5,103,0,31,0
505,505,506,2020-03-31,8:30 PM,Chhattisgarh,-,-,0,0,8,61,1294,1,103,0,31,0
506,506,507,2020-03-31,8:30 PM,Delhi,-,-,6,2,97,61,1304,10,103,0,31,0
507,507,508,2020-03-31,8:30 PM,Goa,-,-,0,0,5,61,1304,0,103,0,31,0
508,508,509,2020-03-31,8:30 PM,Gujarat,-,-,3,6,73,61,1308,4,105,2,31,0
509,509,510,2020-03-31,8:30 PM,Haryana,-,-,21,0,40,61,1312,4,108,3,31,0
510,510,511,2020-03-31,8:30 PM,Himachal Pradesh,-,-,0,1,3,61,1312,0,108,0,31,0
511,511,512,2020-03-31,8:30 PM,Jammu and Kashmir,-,-,2,2,54,61,1318,6,108,0,31,0
512,512,513,2020-03-31,8:30 PM,Karnataka,-,-,5,3,83,61,1318,0,108,0,31,0
513,513,514,2020-03-31,8:30 PM,Kerala,-,-,19,1,234,61,1350,32,108,0,31,0
514,514,515,2020-03-31,8:30 PM,Ladakh,-,-,3,0,13,61,1350,0,108,0,31,0
515,515,516,2020-03-31,8:30 PM,Madhya Pradesh,-,-,0,3,47,61,1350,0,108,0,31,0
516,516,517,2020-03-31,8:30 PM,Maharashtra,-,-,39,9,216,61,1368,18,122,14,32,1
517,517,518,2020-03-31,8:30 PM,Manipur,-,-,0,0,1,61,1368,0,122,0,32,0
518,518,519,2020-03-31,8:30 PM,Mizoram,-,-,0,0,1,61,1368,0,122,0,32,0
519,519,520,2020-03-31,8:30 PM,Odisha,-,-,0,0,3,61,1368,0,122,0,32,0
520,520,521,2020-03-31,8:30 PM,Puducherry,-,-,0,0,1,61,1368,0,122,0,32,0
521,521,522,2020-03-31,8:30 PM,Punjab,-,-,1,3,41,61,1371,3,122,0,34,2
522,522,523,2020-03-31,8:30 PM,Rajasthan,-,-,3,0,74,61,1386,15,122,0,34,0
523,523,524,2020-03-31,8:30 PM,Tamil Nadu,-,-,4,1,74,61,1393,7,122,0,34,0
524,524,525,2020-03-31,8:30 PM,Telengana,-,-,1,1,79,61,1401,8,122,0,34,0
525,525,526,2020-03-31,8:30 PM,Uttarakhand,-,-,2,0,7,61,1401,0,122,0,34,0
526,526,527,2020-03-31,8:30 PM,Uttar Pradesh,-,-,14,0,101,61,1420,19,125,3,34,0
527,527,528,2020-03-31,8:30 PM,West Bengal,-,-,0,2,26,61,1424,4,125,0,35,1
528,528,529,2020-03-31,8:30 PM,Unassigned,-,-,0,0,38,61,1424,0,125,0,35,0
529,529,530,2020-04-01,7:30 PM,Andhra Pradesh,-,-,1,0,83,62,1467,43,125,0,35,0
530,530,531,2020-04-01,7:30 PM,Andaman and Nicobar Islands,-,-,0,0,10,62,1467,0,125,0,35,0
531,531,532,2020-04-01,7:30 PM,Assam,-,-,0,0,1,62,1468,1,125,0,35,0
532,532,533,2020-04-01,7:30 PM,Bihar,-,-,0,1,23,62,1476,8,125,0,35,0
533,533,534,2020-04-01,7:30 PM,Chandigarh,-,-,0,0,16,62,1479,3,125,0,35,0
534,534,535,2020-04-01,7:30 PM,Chhattisgarh,-,-,2,0,9,62,1480,1,127,2,35,0
535,535,536,2020-04-01,7:30 PM,Delhi,-,-,6,2,152,62,1535,55,127,0,35,0
536,536,537,2020-04-01,7:30 PM,Goa,-,-,0,0,5,62,1535,0,127,0,35,0
537,537,538,2020-04-01,7:30 PM,Gujarat,-,-,5,6,82,62,1544,9,129,2,35,0
538,538,539,2020-04-01,7:30 PM,Haryana,-,-,21,0,43,62,1547,3,129,0,35,0
539,539,540,2020-04-01,7:30 PM,Himachal Pradesh,-,-,0,1,3,62,1547,0,129,0,35,0
540,540,541,2020-04-01,7:30 PM,Jammu and Kashmir,-,-,2,2,62,62,1555,8,129,0,35,0
541,541,542,2020-04-01,7:30 PM,Jharkhand,-,-,0,0,1,62,1556,1,129,0,35,0
542,542,543,2020-04-01,7:30 PM,Karnataka,-,-,8,3,101,62,1574,18,132,3,35,0
543,543,544,2020-04-01,7:30 PM,Kerala,-,-,23,2,241,62,1581,7,136,4,36,1
544,544,545,2020-04-01,7:30 PM,Ladakh,-,-,3,0,13,62,1581,0,136,0,36,0
545,545,546,2020-04-01,7:30 PM,Madhya Pradesh,-,-,0,3,66,62,1600,19,136,0,36,0
546,546,547,2020-04-01,7:30 PM,Maharashtra,-,-,39,9,302,62,1686,86,136,0,36,0
547,547,548,2020-04-01,7:30 PM,Manipur,-,-,0,0,1,62,1686,0,136,0,36,0
548,548,549,2020-04-01,7:30 PM,Mizoram,-,-,0,0,1,62,1686,0,136,0,36,0
549,549,550,2020-04-01,7:30 PM,Odisha,-,-,0,0,4,62,1687,1,136,0,36,0
550,550,551,2020-04-01,7:30 PM,Puducherry,-,-,1,0,3,62,1689,2,137,1,36,0
551,551,552,2020-04-01,7:30 PM,Punjab,-,-,1,3,42,62,1690,1,137,0,36,0
552,552,553,2020-04-01,7:30 PM,Rajasthan,-,-,3,0,93,62,1709,19,137,0,36,0
553,553,554,2020-04-01,7:30 PM,Tamil Nadu,-,-,6,1,234,62,1869,160,139,2,36,0
554,554,555,2020-04-01,7:30 PM,Telengana,-,-,1,3,96,62,1886,17,139,0,38,2
555,555,556,2020-04-01,7:30 PM,Uttarakhand,-,-,2,0,7,62,1886,0,139,0,38,0
556,556,557,2020-04-01,7:30 PM,Uttar Pradesh,-,-,14,2,103,62,1888,2,139,0,40,2
557,557,558,2020-04-01,7:30 PM,West Bengal,-,-,6,3,37,62,1899,11,145,6,41,1
558,558,559,2020-04-02,6:00 PM,Andhra Pradesh,-,-,1,1,86,63,1902,3,145,0,42,1
559,559,560,2020-04-02,6:00 PM,Andaman and Nicobar Islands,-,-,0,0,10,63,1902,0,145,0,42,0
560,560,561,2020-04-02,6:00 PM,Assam,-,-,0,0,5,63,1906,4,145,0,42,0
561,561,562,2020-04-02,6:00 PM,Bihar,-,-,0,1,24,63,1907,1,145,0,42,0
562,562,563,2020-04-02,6:00 PM,Chandigarh,-,-,0,0,16,63,1907,0,145,0,42,0
563,563,564,2020-04-02,6:00 PM,Chhattisgarh,-,-,2,0,9,63,1907,0,145,0,42,0
564,564,565,2020-04-02,6:00 PM,Delhi,-,-,8,4,219,63,1974,67,147,2,44,2
565,565,566,2020-04-02,6:00 PM,Goa,-,-,0,0,5,63,1974,0,147,0,44,0
566,566,567,2020-04-02,6:00 PM,Gujarat,-,-,8,7,87,63,1979,5,150,3,45,1
567,567,568,2020-04-02,6:00 PM,Haryana,-,-,21,0,43,63,1979,0,150,0,45,0
568,568,569,2020-04-02,6:00 PM,Himachal Pradesh,-,-,1,1,3,63,1979,0,151,1,45,0
569,569,570,2020-04-02,6:00 PM,Jammu and Kashmir,-,-,2,2,62,63,1979,0,151,0,45,0
570,570,571,2020-04-02,6:00 PM,Jharkhand,-,-,0,0,1,63,1979,0,151,0,45,0
571,571,572,2020-04-02,6:00 PM,Karnataka,-,-,9,3,110,63,1988,9,152,1,45,0
572,572,573,2020-04-02,6:00 PM,Kerala,-,-,25,2,265,63,2012,24,154,2,45,0
573,573,574,2020-04-02,6:00 PM,Ladakh,-,-,3,0,13,63,2012,0,154,0,45,0
574,574,575,2020-04-02,6:00 PM,Madhya Pradesh,-,-,0,6,99,63,2045,33,154,0,48,3
575,575,576,2020-04-02,6:00 PM,Maharashtra,-,-,42,13,335,63,2078,33,157,3,52,4
576,576,577,2020-04-02,6:00 PM,Manipur,-,-,0,0,1,63,2078,0,157,0,52,0
577,577,578,2020-04-02,6:00 PM,Mizoram,-,-,0,0,1,63,2078,0,157,0,52,0
578,578,579,2020-04-02,6:00 PM,Odisha,-,-,0,0,4,63,2078,0,157,0,52,0
579,579,580,2020-04-02,6:00 PM,Puducherry,-,-,1,0,3,63,2078,0,157,0,52,0
580,580,581,2020-04-02,6:00 PM,Punjab,-,-,1,4,46,63,2082,4,157,0,53,1
581,581,582,2020-04-02,6:00 PM,Rajasthan,-,-,3,0,108,63,2097,15,157,0,53,0
582,582,583,2020-04-02,6:00 PM,Tamil Nadu,-,-,6,1,234,63,2097,0,157,0,53,0
583,583,584,2020-04-02,6:00 PM,Telengana,-,-,1,3,107,63,2108,11,157,0,53,0
584,584,585,2020-04-02,6:00 PM,Uttarakhand,-,-,2,0,7,63,2108,0,157,0,53,0
585,585,586,2020-04-02,6:00 PM,Uttar Pradesh,-,-,14,2,113,63,2118,10,157,0,53,0
586,586,587,2020-04-02,6:00 PM,West Bengal,-,-,6,3,53,63,2134,16,157,0,53,0
587,587,588,2020-04-03,6:00 PM,Andhra Pradesh,-,-,1,1,132,64,2180,46,157,0,53,0
588,588,589,2020-04-03,6:00 PM,Andaman and Nicobar Islands,-,-,0,0,10,64,2180,0,157,0,53,0
589,589,590,2020-04-03,6:00 PM,Arunachal Pradesh,-,-,0,0,1,64,2181,1,157,0,53,0
590,590,591,2020-04-03,6:00 PM,Assam,-,-,0,0,16,64,2192,11,157,0,53,0
591,591,592,2020-04-03,6:00 PM,Bihar,-,-,0,1,29,64,2197,5,157,0,53,0
592,592,593,2020-04-03,6:00 PM,Chandigarh,-,-,0,0,18,64,2199,2,157,0,53,0
593,593,594,2020-04-03,6:00 PM,Chhattisgarh,-,-,3,0,9,64,2199,0,158,1,53,0
594,594,595,2020-04-03,6:00 PM,Delhi,-,-,8,4,219,64,2199,0,158,0,53,0
595,595,596,2020-04-03,6:00 PM,Goa,-,-,0,0,6,64,2200,1,158,0,53,0
596,596,597,2020-04-03,6:00 PM,Gujarat,-,-,10,8,95,64,2208,8,160,2,54,1
597,597,598,2020-04-03,6:00 PM,Haryana,-,-,24,0,49,64,2214,6,163,3,54,0
598,598,599,2020-04-03,6:00 PM,Himachal Pradesh,-,-,1,1,6,64,2217,3,163,0,54,0
599,599,600,2020-04-03,6:00 PM,Jammu and Kashmir,-,-,3,2,75,64,2230,13,164,1,54,0
600,600,601,2020-04-03,6:00 PM,Jharkhand,-,-,0,0,2,64,2231,1,164,0,54,0
601,601,602,2020-04-03,6:00 PM,Karnataka,-,-,10,3,124,64,2245,14,165,1,54,0
602,602,603,2020-04-03,6:00 PM,Kerala,-,-,27,2,286,64,2266,21,167,2,54,0
603,603,604,2020-04-03,6:00 PM,Ladakh,-,-,3,0,14,64,2267,1,167,0,54,0
604,604,605,2020-04-03,6:00 PM,Madhya Pradesh,-,-,0,6,104,64,2272,5,167,0,54,0
605,605,606,2020-04-03,6:00 PM,Maharashtra,-,-,42,16,335,64,2272,0,167,0,57,3
606,606,607,2020-04-03,6:00 PM,Manipur,-,-,0,0,2,64,2273,1,167,0,57,0
607,607,608,2020-04-03,6:00 PM,Mizoram,-,-,0,0,1,64,2273,0,167,0,57,0
608,608,609,2020-04-03,6:00 PM,Odisha,-,-,0,0,5,64,2274,1,167,0,57,0
609,609,610,2020-04-03,6:00 PM,Puducherry,-,-,1,0,5,64,2276,2,167,0,57,0
610,610,611,2020-04-03,6:00 PM,Punjab,-,-,1,5,48,64,2278,2,167,0,58,1
611,611,612,2020-04-03,6:00 PM,Rajasthan,-,-,3,0,167,64,2337,59,167,0,58,0
612,612,613,2020-04-03,6:00 PM,Tamil Nadu,-,-,6,1,309,64,2412,75,167,0,58,0
613,613,614,2020-04-03,6:00 PM,Telengana,-,-,1,7,158,64,2463,51,167,0,62,4
614,614,615,2020-04-03,6:00 PM,Uttarakhand,-,-,2,0,10,64,2466,3,167,0,62,0
615,615,616,2020-04-03,6:00 PM,Uttar Pradesh,-,-,14,2,172,64,2525,59,167,0,62,0
616,616,617,2020-04-03,6:00 PM,West Bengal,-,-,3,3,63,64,2535,10,167,0,62,0
617,617,618,2020-04-03,6:00 PM,Unassigned,-,-,0,0,77,64,2574,39,167,0,62,0
618,618,619,2020-04-04,6:00 PM,Andhra Pradesh,-,-,1,1,161,65,2603,29,167,0,62,0
619,619,620,2020-04-04,6:00 PM,Andaman and Nicobar Islands,-,-,0,0,10,65,2603,0,167,0,62,0
620,620,621,2020-04-04,6:00 PM,Arunachal Pradesh,-,-,0,0,1,65,2603,0,167,0,62,0
621,621,622,2020-04-04,6:00 PM,Assam,-,-,0,0,24,65,2611,8,167,0,62,0
622,622,623,2020-04-04,6:00 PM,Bihar,-,-,0,1,30,65,2612,1,167,0,62,0
623,623,624,2020-04-04,6:00 PM,Chandigarh,-,-,0,0,18,65,2612,0,167,0,62,0
624,624,625,2020-04-04,6:00 PM,Chhattisgarh,-,-,3,0,9,65,2612,0,167,0,62,0
625,625,626,2020-04-04,6:00 PM,Delhi,-,-,15,6,445,65,2838,226,174,7,64,2
626,626,627,2020-04-04,6:00 PM,Goa,-,-,0,0,7,65,2839,1,174,0,64,0
627,627,628,2020-04-04,6:00 PM,Gujarat,-,-,14,10,105,65,2849,10,178,4,66,2
628,628,629,2020-04-04,6:00 PM,Haryana,-,-,24,0,49,65,2849,0,178,0,66,0
629,629,630,2020-04-04,6:00 PM,Himachal Pradesh,-,-,1,1,6,65,2849,0,178,0,66,0
630,630,631,2020-04-04,6:00 PM,Jammu and Kashmir,-,-,3,2,75,65,2849,0,178,0,66,0
631,631,632,2020-04-04,6:00 PM,Jharkhand,-,-,0,0,2,65,2849,0,178,0,66,0
632,632,633,2020-04-04,6:00 PM,Karnataka,-,-,12,3,128,65,2853,4,180,2,66,0
633,633,634,2020-04-04,6:00 PM,Kerala,-,-,41,2,295,65,2862,9,194,14,66,0
634,634,635,2020-04-04,6:00 PM,Ladakh,-,-,3,0,14,65,2862,0,194,0,66,0
635,635,636,2020-04-04,6:00 PM,Madhya Pradesh,-,-,0,6,104,65,2862,0,194,0,66,0
636,636,637,2020-04-04,6:00 PM,Maharashtra,-,-,42,24,490,65,3017,155,194,0,74,8
637,637,638,2020-04-04,6:00 PM,Manipur,-,-,0,0,2,65,3017,0,194,0,74,0
638,638,639,2020-04-04,6:00 PM,Mizoram,-,-,0,0,1,65,3017,0,194,0,74,0
639,639,640,2020-04-04,6:00 PM,Odisha,-,-,0,0,5,65,3017,0,194,0,74,0
640,640,641,2020-04-04,6:00 PM,Puducherry,-,-,1,0,5,65,3017,0,194,0,74,0
641,641,642,2020-04-04,6:00 PM,Punjab,-,-,1,5,57,65,3026,9,194,0,74,0
642,642,643,2020-04-04,6:00 PM,Rajasthan,-,-,21,0,200,65,3059,33,212,18,74,0
643,643,644,2020-04-04,6:00 PM,Tamil Nadu,-,-,6,2,411,65,3161,102,212,0,75,1
644,644,645,2020-04-04,6:00 PM,Telengana,-,-,1,7,159,65,3162,1,212,0,75,0
645,645,646,2020-04-04,6:00 PM,Uttarakhand,-,-,2,0,16,65,3168,6,212,0,75,0
646,646,647,2020-04-04,6:00 PM,Uttar Pradesh,-,-,19,2,174,65,3170,2,217,5,75,0
647,647,648,2020-04-04,6:00 PM,West Bengal,-,-,3,3,69,65,3176,6,217,0,75,0
648,648,649,2020-04-05,6:00 PM,Andhra Pradesh,-,-,1,1,190,66,3205,29,217,0,75,0
649,649,650,2020-04-05,6:00 PM,Andaman and Nicobar Islands,-,-,0,0,10,66,3205,0,217,0,75,0
650,650,651,2020-04-05,6:00 PM,Arunachal Pradesh,-,-,0,0,1,66,3205,0,217,0,75,0
651,651,652,2020-04-05,6:00 PM,Assam,-,-,0,0,26,66,3207,2,217,0,75,0
652,652,653,2020-04-05,6:00 PM,Bihar,-,-,0,1,30,66,3207,0,217,0,75,0
653,653,654,2020-04-05,6:00 PM,Chandigarh,-,-,0,0,18,66,3207,0,217,0,75,0
654,654,655,2020-04-05,6:00 PM,Chhattisgarh,-,-,3,0,9,66,3207,0,217,0,75,0
655,655,656,2020-04-05,6:00 PM,Delhi,-,-,18,7,503,66,3265,58,220,3,76,1
656,656,657,2020-04-05,6:00 PM,Goa,-,-,0,0,7,66,3265,0,220,0,76,0
657,657,658,2020-04-05,6:00 PM,Gujarat,-,-,18,11,122,66,3282,17,224,4,77,1
658,658,659,2020-04-05,6:00 PM,Haryana,-,-,25,1,59,66,3292,10,225,1,78,1
659,659,660,2020-04-05,6:00 PM,Himachal Pradesh,-,-,1,1,6,66,3292,0,225,0,78,0
660,660,661,2020-04-05,6:00 PM,Jammu and Kashmir,-,-,4,2,106,66,3323,31,226,1,78,0
661,661,662,2020-04-05,6:00 PM,Jharkhand,-,-,0,0,3,66,3324,1,226,0,78,0
662,662,663,2020-04-05,6:00 PM,Karnataka,-,-,12,4,144,66,3340,16,226,0,79,1
663,663,664,2020-04-05,6:00 PM,Kerala,-,-,49,2,306,66,3351,11,234,8,79,0
664,664,665,2020-04-05,6:00 PM,Ladakh,-,-,10,0,14,66,3351,0,241,7,79,0
665,665,666,2020-04-05,6:00 PM,Madhya Pradesh,-,-,0,9,165,66,3412,61,241,0,82,3
666,666,667,2020-04-05,6:00 PM,Maharashtra,-,-,42,24,490,66,3412,0,241,0,82,0
667,667,668,2020-04-05,6:00 PM,Manipur,-,-,0,0,2,66,3412,0,241,0,82,0
668,668,669,2020-04-05,6:00 PM,Mizoram,-,-,0,0,1,66,3412,0,241,0,82,0
669,669,670,2020-04-05,6:00 PM,Odisha,-,-,0,0,20,66,3427,15,241,0,82,0
670,670,671,2020-04-05,6:00 PM,Puducherry,-,-,1,0,5,66,3427,0,241,0,82,0
671,671,672,2020-04-05,6:00 PM,Punjab,-,-,1,5,57,66,3427,0,241,0,82,0
672,672,673,2020-04-05,6:00 PM,Rajasthan,-,-,21,0,200,66,3427,0,241,0,82,0
673,673,674,2020-04-05,6:00 PM,Tamil Nadu,-,-,6,3,485,66,3501,74,241,0,83,1
674,674,675,2020-04-05,6:00 PM,Telengana,-,-,32,7,269,66,3611,110,272,31,83,0
675,675,676,2020-04-05,6:00 PM,Uttarakhand,-,-,2,0,22,66,3617,6,272,0,83,0
676,676,677,2020-04-05,6:00 PM,Uttar Pradesh,-,-,19,2,227,66,3670,53,272,0,83,0
677,677,678,2020-04-05,6:00 PM,West Bengal,-,-,10,3,80,66,3681,11,279,7,83,0
678,678,679,2020-04-06,6:00 PM,Andhra Pradesh,-,-,1,3,226,67,3717,36,279,0,85,2
679,679,680,2020-04-06,6:00 PM,Andaman and Nicobar Islands,-,-,0,0,10,67,3717,0,279,0,85,0
680,680,681,2020-04-06,6:00 PM,Arunachal Pradesh,-,-,0,0,1,67,3717,0,279,0,85,0
681,681,682,2020-04-06,6:00 PM,Assam,-,-,0,0,26,67,3717,0,279,0,85,0
682,682,683,2020-04-06,6:00 PM,Bihar,-,-,0,1,32,67,3719,2,279,0,85,0
683,683,684,2020-04-06,6:00 PM,Chandigarh,-,-,0,0,18,67,3719,0,279,0,85,0
684,684,685,2020-04-06,6:00 PM,Chhattisgarh,-,-,8,0,10,67,3720,1,284,5,85,0
685,685,686,2020-04-06,6:00 PM,Delhi,-,-,19,7,523,67,3740,20,285,1,85,0
686,686,687,2020-04-06,6:00 PM,Goa,-,-,0,0,7,67,3740,0,285,0,85,0
687,687,688,2020-04-06,6:00 PM,Gujarat,-,-,22,12,144,67,3762,22,289,4,86,1
688,688,689,2020-04-06,6:00 PM,Haryana,-,-,25,1,84,67,3787,25,289,0,86,0
689,689,690,2020-04-06,6:00 PM,Himachal Pradesh,-,-,2,1,13,67,3794,7,290,1,86,0
690,690,691,2020-04-06,6:00 PM,Jammu and Kashmir,-,-,4,2,109,67,3797,3,290,0,86,0
691,691,692,2020-04-06,6:00 PM,Jharkhand,-,-,0,0,4,67,3798,1,290,0,86,0
692,692,693,2020-04-06,6:00 PM,Karnataka,-,-,12,4,151,67,3805,7,290,0,86,0
693,693,694,2020-04-06,6:00 PM,Kerala,-,-,55,2,314,67,3813,8,296,6,86,0
694,694,695,2020-04-06,6:00 PM,Ladakh,-,-,10,0,14,67,3813,0,296,0,86,0
695,695,696,2020-04-06,6:00 PM,Madhya Pradesh,-,-,0,9,165,67,3813,0,296,0,86,0
696,696,697,2020-04-06,6:00 PM,Maharashtra,-,-,56,45,748,67,4071,258,310,14,107,21
697,697,698,2020-04-06,6:00 PM,Manipur,-,-,0,0,2,67,4071,0,310,0,107,0
698,698,699,2020-04-06,6:00 PM,Mizoram,-,-,0,0,1,67,4071,0,310,0,107,0
699,699,700,2020-04-06,6:00 PM,Odisha,-,-,2,0,21,67,4072,1,312,2,107,0
700,700,701,2020-04-06,6:00 PM,Puducherry,-,-,1,0,5,67,4072,0,312,0,107,0
701,701,702,2020-04-06,6:00 PM,Punjab,-,-,4,6,76,67,4091,19,315,3,108,1
702,702,703,2020-04-06,6:00 PM,Rajasthan,-,-,21,0,274,67,4165,74,315,0,108,0
703,703,704,2020-04-06,6:00 PM,Tamil Nadu,-,-,8,5,571,67,4251,86,317,2,110,2
704,704,705,2020-04-06,6:00 PM,Telengana,-,-,34,7,321,67,4303,52,319,2,110,0
705,705,706,2020-04-06,6:00 PM,Uttarakhand,-,-,4,0,26,67,4307,4,321,2,110,0
706,706,707,2020-04-06,6:00 PM,Uttar Pradesh,-,-,21,3,305,67,4385,78,323,2,111,1
707,707,708,2020-04-06,6:00 PM,West Bengal,-,-,10,3,80,67,4385,0,323,0,111,0
708,708,709,2020-04-07,6:00 PM,Andhra Pradesh,-,-,1,3,266,68,4425,40,323,0,111,0
709,709,710,2020-04-07,6:00 PM,Andaman and Nicobar Islands,-,-,0,0,10,68,4425,0,323,0,111,0
710,710,711,2020-04-07,6:00 PM,Arunachal Pradesh,-,-,0,0,1,68,4425,0,323,0,111,0
711,711,712,2020-04-07,6:00 PM,Assam,-,-,0,0,26,68,4425,0,323,0,111,0
712,712,713,2020-04-07,6:00 PM,Bihar,-,-,0,1,32,68,4425,0,323,0,111,0
713,713,714,2020-04-07,6:00 PM,Chandigarh,-,-,7,0,18,68,4425,0,330,7,111,0
714,714,715,2020-04-07,6:00 PM,Chhattisgarh,-,-,9,0,10,68,4425,0,331,1,111,0
715,715,716,2020-04-07,6:00 PM,Delhi,-,-,21,7,576,68,4478,53,333,2,111,0
716,716,717,2020-04-07,6:00 PM,Goa,-,-,0,0,7,68,4478,0,333,0,111,0
717,717,718,2020-04-07,6:00 PM,Gujarat,-,-,25,13,165,68,4499,21,336,3,112,1
718,718,719,2020-04-07,6:00 PM,Haryana,-,-,25,1,90,68,4505,6,336,0,112,0
719,719,720,2020-04-07,6:00 PM,Himachal Pradesh,-,-,2,1,13,68,4505,0,336,0,112,0
720,720,721,2020-04-07,6:00 PM,Jammu and Kashmir,-,-,4,2,116,68,4512,7,336,0,112,0
721,721,722,2020-04-07,6:00 PM,Jharkhand,-,-,0,0,4,68,4512,0,336,0,112,0
722,722,723,2020-04-07,6:00 PM,Karnataka,-,-,25,4,175,68,4536,24,349,13,112,0
723,723,724,2020-04-07,6:00 PM,Kerala,-,-,58,2,327,68,4549,13,352,3,112,0
724,724,725,2020-04-07,6:00 PM,Ladakh,-,-,10,0,14,68,4549,0,352,0,112,0
725,725,726,2020-04-07,6:00 PM,Madhya Pradesh,-,-,0,13,229,68,4613,64,352,0,116,4
726,726,727,2020-04-07,6:00 PM,Maharashtra,-,-,56,48,868,68,4733,120,352,0,119,3
727,727,728,2020-04-07,6:00 PM,Manipur,-,-,0,0,2,68,4733,0,352,0,119,0
728,728,729,2020-04-07,6:00 PM,Mizoram,-,-,0,0,1,68,4733,0,352,0,119,0
729,729,730,2020-04-07,6:00 PM,Odisha,-,-,2,1,42,68,4754,21,352,0,120,1
730,730,731,2020-04-07,6:00 PM,Puducherry,-,-,1,0,5,68,4754,0,352,0,120,0
731,731,732,2020-04-07,6:00 PM,Punjab,-,-,4,7,91,68,4769,15,352,0,121,1
732,732,733,2020-04-07,6:00 PM,Rajasthan,-,-,21,3,288,68,4783,14,352,0,124,3
733,733,734,2020-04-07,6:00 PM,Tamil Nadu,-,-,8,5,621,68,4833,50,352,0,124,0
734,734,735,2020-04-07,6:00 PM,Telengana,-,-,35,7,364,68,4876,43,353,1,124,0
735,735,736,2020-04-07,6:00 PM,Tripura,-,-,0,0,1,68,4877,1,353,0,124,0
736,736,737,2020-04-07,6:00 PM,Uttarakhand,-,-,5,0,31,68,4882,5,354,1,124,0
737,737,738,2020-04-07,6:00 PM,Uttar Pradesh,-,-,21,3,305,68,4882,0,354,0,124,0
738,738,739,2020-04-07,6:00 PM,West Bengal,-,-,13,3,91,68,4893,11,357,3,124,0
739,739,740,2020-04-08,5:00 PM,Andhra Pradesh,-,-,5,4,305,69,4932,39,361,4,125,1
740,740,741,2020-04-08,5:00 PM,Andaman and Nicobar Islands,-,-,0,0,10,69,4932,0,361,0,125,0
741,741,742,2020-04-08,5:00 PM,Arunachal Pradesh,-,-,0,0,1,69,4932,0,361,0,125,0
742,742,743,2020-04-08,5:00 PM,Assam,-,-,0,0,27,69,4933,1,361,0,125,0
743,743,744,2020-04-08,5:00 PM,Bihar,-,-,0,1,38,69,4939,6,361,0,125,0
744,744,745,2020-04-08,5:00 PM,Chandigarh,-,-,7,0,18,69,4939,0,361,0,125,0
745,745,746,2020-04-08,5:00 PM,Chhattisgarh,-,-,9,0,10,69,4939,0,361,0,125,0
746,746,747,2020-04-08,5:00 PM,Delhi,-,-,21,9,576,69,4939,0,361,0,127,2
747,747,748,2020-04-08,5:00 PM,Goa,-,-,0,0,7,69,4939,0,361,0,127,0
748,748,749,2020-04-08,5:00 PM,Gujarat,-,-,25,13,165,69,4939,0,361,0,127,0
749,749,750,2020-04-08,5:00 PM,Haryana,-,-,28,3,147,69,4996,57,364,3,129,2
750,750,751,2020-04-08,5:00 PM,Himachal Pradesh,-,-,2,1,18,69,5001,5,364,0,129,0
751,751,752,2020-04-08,5:00 PM,Jammu and Kashmir,-,-,4,2,116,69,5001,0,364,0,129,0
752,752,753,2020-04-08,5:00 PM,Jharkhand,-,-,0,0,4,69,5001,0,364,0,129,0
753,753,754,2020-04-08,5:00 PM,Karnataka,-,-,25,4,175,69,5001,0,364,0,129,0
754,754,755,2020-04-08,5:00 PM,Kerala,-,-,70,2,336,69,5010,9,376,12,129,0
755,755,756,2020-04-08,5:00 PM,Ladakh,-,-,10,0,14,69,5010,0,376,0,129,0
756,756,757,2020-04-08,5:00 PM,Madhya Pradesh,-,-,0,13,229,69,5010,0,376,0,129,0
757,757,758,2020-04-08,5:00 PM,Maharashtra,-,-,79,64,1018,69,5160,150,399,23,145,16
758,758,759,2020-04-08,5:00 PM,Manipur,-,-,0,0,2,69,5160,0,399,0,145,0
759,759,760,2020-04-08,5:00 PM,Mizoram,-,-,0,0,1,69,5160,0,399,0,145,0
760,760,761,2020-04-08,5:00 PM,Odisha,-,-,2,1,42,69,5160,0,399,0,145,0
761,761,762,2020-04-08,5:00 PM,Puducherry,-,-,1,0,5,69,5160,0,399,0,145,0
762,762,763,2020-04-08,5:00 PM,Punjab,-,-,4,7,91,69,5160,0,399,0,145,0
763,763,764,2020-04-08,5:00 PM,Rajasthan,-,-,21,3,328,69,5200,40,399,0,145,0
764,764,765,2020-04-08,5:00 PM,Tamil Nadu,-,-,19,7,690,69,5269,69,410,11,147,2
765,765,766,2020-04-08,5:00 PM,Telengana,-,-,35,7,427,69,5332,63,410,0,147,0
766,766,767,2020-04-08,5:00 PM,Tripura,-,-,0,0,1,69,5332,0,410,0,147,0
767,767,768,2020-04-08,5:00 PM,Uttarakhand,-,-,5,0,31,69,5332,0,410,0,147,0
768,768,769,2020-04-08,5:00 PM,Uttar Pradesh,-,-,26,3,343,69,5370,38,415,5,147,0
769,769,770,2020-04-08,5:00 PM,West Bengal,-,-,13,5,99,69,5378,8,415,0,149,2
770,770,771,2020-04-09,5:00 PM,Andhra Pradesh,-,-,6,4,348,70,5421,43,416,1,149,0
771,771,772,2020-04-09,5:00 PM,Andaman and Nicobar Islands,-,-,0,0,11,70,5422,1,416,0,149,0
772,772,773,2020-04-09,5:00 PM,Arunachal Pradesh,-,-,0,0,1,70,5422,0,416,0,149,0
773,773,774,2020-04-09,5:00 PM,Assam,-,-,0,0,28,70,5423,1,416,0,149,0
774,774,775,2020-04-09,5:00 PM,Bihar,-,-,0,1,39,70,5424,1,416,0,149,0
775,775,776,2020-04-09,5:00 PM,Chandigarh,-,-,7,0,18,70,5424,0,416,0,149,0
776,776,777,2020-04-09,5:00 PM,Chhattisgarh,-,-,9,0,10,70,5424,0,416,0,149,0
777,777,778,2020-04-09,5:00 PM,Delhi,-,-,21,9,669,70,5517,93,416,0,149,0
778,778,779,2020-04-09,5:00 PM,Goa,-,-,0,0,7,70,5517,0,416,0,149,0
779,779,780,2020-04-09,5:00 PM,Gujarat,-,-,25,16,179,70,5531,14,416,0,152,3
780,780,781,2020-04-09,5:00 PM,Haryana,-,-,29,3,169,70,5553,22,417,1,152,0
781,781,782,2020-04-09,5:00 PM,Himachal Pradesh,-,-,2,1,18,70,5553,0,417,0,152,0
782,782,783,2020-04-09,5:00 PM,Jammu and Kashmir,-,-,4,4,158,70,5595,42,417,0,154,2
783,783,784,2020-04-09,5:00 PM,Jharkhand,-,-,0,0,13,70,5604,9,417,0,154,0
784,784,785,2020-04-09,5:00 PM,Karnataka,-,-,28,5,181,70,5610,6,420,3,155,1
785,785,786,2020-04-09,5:00 PM,Kerala,-,-,83,2,345,70,5619,9,433,13,155,0
786,786,787,2020-04-09,5:00 PM,Ladakh,-,-,10,0,14,70,5619,0,433,0,155,0
787,787,788,2020-04-09,5:00 PM,Madhya Pradesh,-,-,0,16,259,70,5649,30,433,0,158,3
788,788,789,2020-04-09,5:00 PM,Maharashtra,-,-,117,72,1135,70,5766,117,471,38,166,8
789,789,790,2020-04-09,5:00 PM,Manipur,-,-,1,0,2,70,5766,0,472,1,166,0
790,790,791,2020-04-09,5:00 PM,Mizoram,-,-,0,0,1,70,5766,0,472,0,166,0
791,791,792,2020-04-09,5:00 PM,Odisha,-,-,2,1,42,70,5766,0,472,0,166,0
792,792,793,2020-04-09,5:00 PM,Puducherry,-,-,1,0,5,70,5766,0,472,0,166,0
793,793,794,2020-04-09,5:00 PM,Punjab,-,-,4,8,101,70,5776,10,472,0,167,1
794,794,795,2020-04-09,5:00 PM,Rajasthan,-,-,21,3,383,70,5831,55,472,0,167,0
795,795,796,2020-04-09,5:00 PM,Tamil Nadu,-,-,21,8,738,70,5879,48,474,2,168,1
796,796,797,2020-04-09,5:00 PM,Telengana,-,-,35,7,442,70,5894,15,474,0,168,0
797,797,798,2020-04-09,5:00 PM,Tripura,-,-,0,0,1,70,5894,0,474,0,168,0
798,798,799,2020-04-09,5:00 PM,Uttarakhand,-,-,5,0,35,70,5898,4,474,0,168,0
799,799,800,2020-04-09,5:00 PM,Uttar Pradesh,-,-,31,4,410,70,5965,67,479,5,169,1
800,800,801,2020-04-09,5:00 PM,West Bengal,-,-,16,5,103,70,5969,4,482,3,169,0
801,801,802,2020-04-10,5:00 PM,Andhra Pradesh,-,-,7,6,363,71,5984,15,483,1,171,2
802,802,803,2020-04-10,5:00 PM,Andaman and Nicobar Islands,-,-,0,0,11,71,5984,0,483,0,171,0
803,803,804,2020-04-10,5:00 PM,Arunachal Pradesh,-,-,0,0,1,71,5984,0,483,0,171,0
804,804,805,2020-04-10,5:00 PM,Assam,-,-,0,0,29,71,5985,1,483,0,171,0
805,805,806,2020-04-10,5:00 PM,Bihar,-,-,0,1,60,71,6006,21,483,0,171,0
806,806,807,2020-04-10,5:00 PM,Chandigarh,-,-,7,0,18,71,6006,0,483,0,171,0
807,807,808,2020-04-10,5:00 PM,Chhattisgarh,-,-,9,0,10,71,6006,0,483,0,171,0
808,808,809,2020-04-10,5:00 PM,Delhi,-,-,25,13,898,71,6235,229,487,4,175,4
809,809,810,2020-04-10,5:00 PM,Goa,-,-,1,0,7,71,6235,0,488,1,175,0
810,810,811,2020-04-10,5:00 PM,Gujarat,-,-,26,17,241,71,6297,62,489,1,176,1
811,811,812,2020-04-10,5:00 PM,Haryana,-,-,29,3,169,71,6297,0,489,0,176,0
812,812,813,2020-04-10,5:00 PM,Himachal Pradesh,-,-,6,1,28,71,6307,10,493,4,176,0
813,813,814,2020-04-10,5:00 PM,Jammu and Kashmir,-,-,6,4,184,71,6333,26,495,2,176,0
814,814,815,2020-04-10,5:00 PM,Jharkhand,-,-,0,1,13,71,6333,0,495,0,177,1
815,815,816,2020-04-10,5:00 PM,Karnataka,-,-,30,6,197,71,6349,16,497,2,178,1
816,816,817,2020-04-10,5:00 PM,Kerala,-,-,96,2,357,71,6361,12,510,13,178,0
817,817,818,2020-04-10,5:00 PM,Ladakh,-,-,10,0,15,71,6362,1,510,0,178,0
818,818,819,2020-04-10,5:00 PM,Madhya Pradesh,-,-,0,16,259,71,6362,0,510,0,178,0
819,819,820,2020-04-10,5:00 PM,Maharashtra,-,-,125,97,1364,71,6591,229,518,8,203,25
820,820,821,2020-04-10,5:00 PM,Manipur,-,-,1,0,2,71,6591,0,518,0,203,0
821,821,822,2020-04-10,5:00 PM,Mizoram,-,-,0,0,1,71,6591,0,518,0,203,0
822,822,823,2020-04-10,5:00 PM,Odisha,-,-,2,1,44,71,6593,2,518,0,203,0
823,823,824,2020-04-10,5:00 PM,Puducherry,-,-,1,0,5,71,6593,0,518,0,203,0
824,824,825,2020-04-10,5:00 PM,Punjab,-,-,5,11,132,71,6624,31,519,1,206,3
825,825,826,2020-04-10,5:00 PM,Rajasthan,-,-,21,3,463,71,6704,80,519,0,206,0
826,826,827,2020-04-10,5:00 PM,Tamil Nadu,-,-,21,8,834,71,6800,96,519,0,206,0
827,827,828,2020-04-10,5:00 PM,Telengana,-,-,35,7,473,71,6831,31,519,0,206,0
828,828,829,2020-04-10,5:00 PM,Tripura,-,-,0,0,1,71,6831,0,519,0,206,0
829,829,830,2020-04-10,5:00 PM,Uttarakhand,-,-,5,0,35,71,6831,0,519,0,206,0
830,830,831,2020-04-10,5:00 PM,Uttar Pradesh,-,-,32,4,431,71,6852,21,520,1,206,0
831,831,832,2020-04-10,5:00 PM,West Bengal,-,-,16,5,116,71,6865,13,520,0,206,0
832,832,833,2020-04-11,5:00 PM,Andhra Pradesh,-,-,11,6,381,72,6883,18,524,4,206,0
833,833,834,2020-04-11,5:00 PM,Andaman and Nicobar Islands,-,-,0,0,11,72,6883,0,524,0,206,0
834,834,835,2020-04-11,5:00 PM,Arunachal Pradesh,-,-,0,0,1,72,6883,0,524,0,206,0
835,835,836,2020-04-11,5:00 PM,Assam,-,-,0,1,29,72,6883,0,524,0,207,1
836,836,837,2020-04-11,5:00 PM,Bihar,-,-,0,1,60,72,6883,0,524,0,207,0
837,837,838,2020-04-11,5:00 PM,Chandigarh,-,-,7,0,18,72,6883,0,524,0,207,0
838,838,839,2020-04-11,5:00 PM,Chhattisgarh,-,-,9,0,18,72,6891,8,524,0,207,0
839,839,840,2020-04-11,5:00 PM,Delhi,-,-,25,14,903,72,6896,5,524,0,208,1
840,840,841,2020-04-11,5:00 PM,Goa,-,-,1,0,7,72,6896,0,524,0,208,0
841,841,842,2020-04-11,5:00 PM,Gujarat,-,-,31,19,308,72,6963,67,529,5,210,2
842,842,843,2020-04-11,5:00 PM,Haryana,-,-,29,3,177,72,6971,8,529,0,210,0
843,843,844,2020-04-11,5:00 PM,Himachal Pradesh,-,-,6,1,28,72,6971,0,529,0,210,0
844,844,845,2020-04-11,5:00 PM,Jammu and Kashmir,-,-,6,4,207,72,6994,23,529,0,210,0
845,845,846,2020-04-11,5:00 PM,Jharkhand,-,-,0,1,17,72,6998,4,529,0,210,0
846,846,847,2020-04-11,5:00 PM,Karnataka,-,-,37,6,214,72,7015,17,536,7,210,0
847,847,848,2020-04-11,5:00 PM,Kerala,-,-,123,2,364,72,7022,7,563,27,210,0
848,848,849,2020-04-11,5:00 PM,Ladakh,-,-,10,0,15,72,7022,0,563,0,210,0
849,849,850,2020-04-11,5:00 PM,Madhya Pradesh,-,-,0,33,443,72,7206,184,563,0,227,17
850,850,851,2020-04-11,5:00 PM,Maharashtra,-,-,188,110,1574,72,7416,210,626,63,240,13
851,851,852,2020-04-11,5:00 PM,Manipur,-,-,1,0,2,72,7416,0,626,0,240,0
852,852,853,2020-04-11,5:00 PM,Mizoram,-,-,0,0,1,72,7416,0,626,0,240,0
853,853,854,2020-04-11,5:00 PM,Odisha,-,-,2,1,48,72,7420,4,626,0,240,0
854,854,855,2020-04-11,5:00 PM,Puducherry,-,-,1,0,7,72,7422,2,626,0,240,0
855,855,856,2020-04-11,5:00 PM,Punjab,-,-,5,11,132,72,7422,0,626,0,240,0
856,856,857,2020-04-11,5:00 PM,Rajasthan,-,-,21,3,553,72,7512,90,626,0,240,0
857,857,858,2020-04-11,5:00 PM,Tamil Nadu,-,-,44,8,911,72,7589,77,649,23,240,0
858,858,859,2020-04-11,5:00 PM,Telengana,-,-,43,9,504,72,7620,31,657,8,242,2
859,859,860,2020-04-11,5:00 PM,Tripura,-,-,0,0,2,72,7621,1,657,0,242,0
860,860,861,2020-04-11,5:00 PM,Uttarakhand,-,-,5,0,35,72,7621,0,657,0,242,0
861,861,862,2020-04-11,5:00 PM,Uttar Pradesh,-,-,32,4,433,72,7623,2,657,0,242,0
862,862,863,2020-04-11,5:00 PM,West Bengal,-,-,16,5,126,72,7633,10,657,0,242,0
863,863,864,2020-04-12,5:00 PM,Andhra Pradesh,-,-,11,6,381,73,7633,0,657,0,242,0
864,864,865,2020-04-12,5:00 PM,Andaman and Nicobar Islands,-,-,10,0,11,73,7633,0,667,10,242,0
865,865,866,2020-04-12,5:00 PM,Arunachal Pradesh,-,-,0,0,1,73,7633,0,667,0,242,0
866,866,867,2020-04-12,5:00 PM,Assam,-,-,0,1,29,73,7633,0,667,0,242,0
867,867,868,2020-04-12,5:00 PM,Bihar,-,-,19,1,64,73,7637,4,686,19,242,0
868,868,869,2020-04-12,5:00 PM,Chandigarh,-,-,7,0,19,73,7638,1,686,0,242,0
869,869,870,2020-04-12,5:00 PM,Chhattisgarh,-,-,10,0,25,73,7645,7,687,1,242,0
870,870,871,2020-04-12,5:00 PM,Delhi,-,-,25,19,1069,73,7811,166,687,0,247,5
871,871,872,2020-04-12,5:00 PM,Goa,-,-,5,0,7,73,7811,0,691,4,247,0
872,872,873,2020-04-12,5:00 PM,Gujarat,-,-,44,22,432,73,7935,124,704,13,250,3
873,873,874,2020-04-12,5:00 PM,Haryana,-,-,29,3,185,73,7943,8,704,0,250,0
874,874,875,2020-04-12,5:00 PM,Himachal Pradesh,-,-,6,1,32,73,7947,4,704,0,250,0
875,875,876,2020-04-12,5:00 PM,Jammu and Kashmir,-,-,6,4,224,73,7964,17,704,0,250,0
876,876,877,2020-04-12,5:00 PM,Jharkhand,-,-,0,1,17,73,7964,0,704,0,250,0
877,877,878,2020-04-12,5:00 PM,Karnataka,-,-,37,6,226,73,7976,12,704,0,250,0
878,878,879,2020-04-12,5:00 PM,Kerala,-,-,142,2,374,73,7986,10,723,19,250,0
879,879,880,2020-04-12,5:00 PM,Ladakh,-,-,10,0,15,73,7986,0,723,0,250,0
880,880,881,2020-04-12,5:00 PM,Madhya Pradesh,-,-,0,36,564,73,8107,121,723,0,253,3
881,881,882,2020-04-12,5:00 PM,Maharashtra,-,-,208,127,1761,73,8294,187,743,20,270,17
882,882,883,2020-04-12,5:00 PM,Manipur,-,-,1,0,2,73,8294,0,743,0,270,0
883,883,884,2020-04-12,5:00 PM,Mizoram,-,-,0,0,1,73,8294,0,743,0,270,0
884,884,885,2020-04-12,5:00 PM,Odisha,-,-,12,1,54,73,8300,6,753,10,270,0
885,885,886,2020-04-12,5:00 PM,Puducherry,-,-,1,0,7,73,8300,0,753,0,270,0
886,886,887,2020-04-12,5:00 PM,Punjab,-,-,5,11,151,73,8319,19,753,0,270,0
887,887,888,2020-04-12,5:00 PM,Rajasthan,-,-,21,3,700,73,8466,147,753,0,270,0
888,888,889,2020-04-12,5:00 PM,Tamil Nadu,-,-,44,10,969,73,8524,58,753,0,272,2
889,889,890,2020-04-12,5:00 PM,Telengana,-,-,43,9,504,73,8524,0,753,0,272,0
890,890,891,2020-04-12,5:00 PM,Tripura,-,-,0,0,2,73,8524,0,753,0,272,0
891,891,892,2020-04-12,5:00 PM,Uttarakhand,-,-,5,0,35,73,8524,0,753,0,272,0
892,892,893,2020-04-12,5:00 PM,Uttar Pradesh,-,-,45,5,452,73,8543,19,766,13,273,1
893,893,894,2020-04-12,5:00 PM,West Bengal,-,-,19,5,134,73,8551,8,769,3,273,0
894,894,895,2020-04-13,5:00 PM,Andhra Pradesh,-,-,11,7,432,74,8602,51,769,0,274,1
895,895,896,2020-04-13,5:00 PM,Andaman and Nicobar Islands,-,-,10,0,11,74,8602,0,769,0,274,0
896,896,897,2020-04-13,5:00 PM,Arunachal Pradesh,-,-,0,0,1,74,8602,0,769,0,274,0
897,897,898,2020-04-13,5:00 PM,Assam,-,-,0,1,31,74,8604,2,769,0,274,0
898,898,899,2020-04-13,5:00 PM,Bihar,-,-,26,1,64,74,8604,0,776,7,274,0
899,899,900,2020-04-13,5:00 PM,Chandigarh,-,-,7,0,21,74,8606,2,776,0,274,0
900,900,901,2020-04-13,5:00 PM,Chhattisgarh,-,-,10,0,31,74,8612,6,776,0,274,0
901,901,902,2020-04-13,5:00 PM,Delhi,-,-,27,24,1154,74,8697,85,778,2,279,5
902,902,903,2020-04-13,5:00 PM,Goa,-,-,5,0,7,74,8697,0,778,0,279,0
903,903,904,2020-04-13,5:00 PM,Gujarat,-,-,47,26,539,74,8804,107,781,3,283,4
904,904,905,2020-04-13,5:00 PM,Haryana,-,-,29,3,185,74,8804,0,781,0,283,0
905,905,906,2020-04-13,5:00 PM,Himachal Pradesh,-,-,13,1,32,74,8804,0,788,7,283,0
906,906,907,2020-04-13,5:00 PM,Jammu and Kashmir,-,-,6,4,245,74,8825,21,788,0,283,0
907,907,908,2020-04-13,5:00 PM,Jharkhand,-,-,0,2,19,74,8827,2,788,0,284,1
908,908,909,2020-04-13,5:00 PM,Karnataka,-,-,59,6,247,74,8848,21,810,22,284,0
909,909,910,2020-04-13,5:00 PM,Kerala,-,-,179,3,376,74,8850,2,847,37,285,1
910,910,911,2020-04-13,5:00 PM,Ladakh,-,-,10,0,15,74,8850,0,847,0,285,0
911,911,912,2020-04-13,5:00 PM,Madhya Pradesh,-,-,44,43,604,74,8890,40,891,44,292,7
912,912,913,2020-04-13,5:00 PM,Maharashtra,-,-,217,149,1985,74,9114,224,900,9,314,22
913,913,914,2020-04-13,5:00 PM,Manipur,-,-,1,0,2,74,9114,0,900,0,314,0
914,914,915,2020-04-13,5:00 PM,Mizoram,-,-,0,0,1,74,9114,0,900,0,314,0
915,915,916,2020-04-13,5:00 PM,Nagaland,-,-,0,0,1,74,9115,1,900,0,314,0
916,916,917,2020-04-13,5:00 PM,Odisha,-,-,12,1,54,74,9115,0,900,0,314,0
917,917,918,2020-04-13,5:00 PM,Puducherry,-,-,1,0,7,74,9115,0,900,0,314,0
918,918,919,2020-04-13,5:00 PM,Punjab,-,-,14,11,167,74,9131,16,909,9,314,0
919,919,920,2020-04-13,5:00 PM,Rajasthan,-,-,21,3,812,74,9243,112,909,0,314,0
920,920,921,2020-04-13,5:00 PM,Tamil Nadu,-,-,50,11,1075,74,9349,106,915,6,315,1
921,921,922,2020-04-13,5:00 PM,Telengana,-,-,100,16,562,74,9407,58,972,57,322,7
922,922,923,2020-04-13,5:00 PM,Tripura,-,-,0,0,2,74,9407,0,972,0,322,0
923,923,924,2020-04-13,5:00 PM,Uttarakhand,-,-,5,0,35,74,9407,0,972,0,322,0
924,924,925,2020-04-13,5:00 PM,Uttar Pradesh,-,-,47,5,483,74,9438,31,974,2,322,0
925,925,926,2020-04-13,5:00 PM,West Bengal,-,-,29,7,152,74,9456,18,984,10,324,2
926,926,927,2020-04-14,5:00 PM,Andhra Pradesh,-,-,14,9,473,75,9497,41,987,3,326,2
927,927,928,2020-04-14,5:00 PM,Andaman and Nicobar Islands,-,-,10,0,11,75,9497,0,987,0,326,0
928,928,929,2020-04-14,5:00 PM,Arunachal Pradesh,-,-,0,0,1,75,9497,0,987,0,326,0
929,929,930,2020-04-14,5:00 PM,Assam,-,-,0,1,31,75,9497,0,987,0,326,0
930,930,931,2020-04-14,5:00 PM,Bihar,-,-,26,1,66,75,9499,2,987,0,326,0
931,931,932,2020-04-14,5:00 PM,Chandigarh,-,-,7,0,21,75,9499,0,987,0,326,0
932,932,933,2020-04-14,5:00 PM,Chhattisgarh,-,-,10,0,31,75,9499,0,987,0,326,0
933,933,934,2020-04-14,5:00 PM,Delhi,-,-,30,28,1510,75,9855,356,990,3,330,4
934,934,935,2020-04-14,5:00 PM,Goa,-,-,5,0,7,75,9855,0,990,0,330,0
935,935,936,2020-04-14,5:00 PM,Gujarat,-,-,55,26,617,75,9933,78,998,8,330,0
936,936,937,2020-04-14,5:00 PM,Haryana,-,-,34,3,199,75,9947,14,1003,5,330,0
937,937,938,2020-04-14,5:00 PM,Himachal Pradesh,-,-,13,1,32,75,9947,0,1003,0,330,0
938,938,939,2020-04-14,5:00 PM,Jammu and Kashmir,-,-,16,4,270,75,9972,25,1013,10,330,0
939,939,940,2020-04-14,5:00 PM,Jharkhand,-,-,0,2,24,75,9977,5,1013,0,330,0
940,940,941,2020-04-14,5:00 PM,Karnataka,-,-,65,9,258,75,9988,11,1019,6,333,3
941,941,942,2020-04-14,5:00 PM,Kerala,-,-,198,3,379,75,9991,3,1038,19,333,0
942,942,943,2020-04-14,5:00 PM,Ladakh,-,-,10,0,15,75,9991,0,1038,0,333,0
943,943,944,2020-04-14,5:00 PM,Madhya Pradesh,-,-,51,50,730,75,10117,126,1045,7,340,7
944,944,945,2020-04-14,5:00 PM,Maharashtra,-,-,229,160,2337,75,10469,352,1057,12,351,11
945,945,946,2020-04-14,5:00 PM,Manipur,-,-,1,0,2,75,10469,0,1057,0,351,0
946,946,947,2020-04-14,5:00 PM,Meghalaya,-,-,0,0,1,75,10470,1,1057,0,351,0
947,947,948,2020-04-14,5:00 PM,Mizoram,-,-,0,0,1,75,10470,0,1057,0,351,0
948,948,949,2020-04-14,5:00 PM,Nagaland,-,-,0,0,1,75,10470,0,1057,0,351,0
949,949,950,2020-04-14,5:00 PM,Odisha,-,-,18,1,55,75,10471,1,1063,6,351,0
950,950,951,2020-04-14,5:00 PM,Puducherry,-,-,1,0,7,75,10471,0,1063,0,351,0
951,951,952,2020-04-14,5:00 PM,Punjab,-,-,14,12,176,75,10480,9,1063,0,352,1
952,952,953,2020-04-14,5:00 PM,Rajasthan,-,-,133,3,879,75,10547,67,1175,112,352,0
953,953,954,2020-04-14,5:00 PM,Tamil Nadu,-,-,58,11,1173,75,10645,98,1183,8,352,0
954,954,955,2020-04-14,5:00 PM,Telengana,-,-,100,17,624,75,10707,62,1183,0,353,1
955,955,956,2020-04-14,5:00 PM,Tripura,-,-,0,0,2,75,10707,0,1183,0,353,0
956,956,957,2020-04-14,5:00 PM,Uttarakhand,-,-,7,0,35,75,10707,0,1185,2,353,0
957,957,958,2020-04-14,5:00 PM,Uttar Pradesh,-,-,49,5,657,75,10881,174,1187,2,353,0
958,958,959,2020-04-14,5:00 PM,West Bengal,-,-,36,7,190,75,10919,38,1194,7,353,0
959,959,960,2020-04-15,5:00 PM,Andaman and Nicobar Islands,-,-,10,0,11,76,10919,0,1194,0,353,0
960,960,961,2020-04-15,5:00 PM,Andhra Pradesh,-,-,16,9,503,76,10949,30,1196,2,353,0
961,961,962,2020-04-15,5:00 PM,Arunachal Pradesh,-,-,0,0,1,76,10949,0,1196,0,353,0
962,962,963,2020-04-15,5:00 PM,Assam,-,-,0,1,33,76,10951,2,1196,0,353,0
963,963,964,2020-04-15,5:00 PM,Bihar,-,-,29,1,70,76,10955,4,1199,3,353,0
964,964,965,2020-04-15,5:00 PM,Chandigarh,-,-,7,0,21,76,10955,0,1199,0,353,0
965,965,966,2020-04-15,5:00 PM,Chhattisgarh,-,-,13,0,33,76,10957,2,1202,3,353,0
966,966,967,2020-04-15,5:00 PM,Delhi,-,-,30,30,1561,76,11008,51,1202,0,355,2
967,967,968,2020-04-15,5:00 PM,Goa,-,-,5,0,7,76,11008,0,1202,0,355,0
968,968,969,2020-04-15,5:00 PM,Gujarat,-,-,59,30,695,76,11086,78,1206,4,359,4
969,969,970,2020-04-15,5:00 PM,Haryana,-,-,34,3,199,76,11086,0,1206,0,359,0
970,970,971,2020-04-15,5:00 PM,Himachal Pradesh,-,-,13,1,33,76,11087,1,1206,0,359,0
971,971,972,2020-04-15,5:00 PM,Jammu and Kashmir,-,-,30,4,278,76,11095,8,1220,14,359,0
972,972,973,2020-04-15,5:00 PM,Jharkhand,-,-,0,2,27,76,11098,3,1220,0,359,0
973,973,974,2020-04-15,5:00 PM,Karnataka,-,-,75,11,277,76,11117,19,1230,10,361,2
974,974,975,2020-04-15,5:00 PM,Kerala,-,-,211,3,387,76,11125,8,1243,13,361,0
975,975,976,2020-04-15,5:00 PM,Ladakh,-,-,10,0,17,76,11127,2,1243,0,361,0
976,976,977,2020-04-15,5:00 PM,Madhya Pradesh,-,-,64,53,987,76,11384,257,1256,13,364,3
977,977,978,2020-04-15,5:00 PM,Maharashtra,-,-,259,178,2687,76,11734,350,1286,30,382,18
978,978,979,2020-04-15,5:00 PM,Manipur,-,-,1,0,2,76,11734,0,1286,0,382,0
979,979,980,2020-04-15,5:00 PM,Meghalaya,-,-,0,1,7,76,11740,6,1286,0,383,1
980,980,981,2020-04-15,5:00 PM,Mizoram,-,-,0,0,1,76,11740,0,1286,0,383,0
981,981,982,2020-04-15,5:00 PM,Nagaland#,-,-,0,0,0,76,11740,0,1286,0,383,0
982,982,983,2020-04-15,5:00 PM,Odisha,-,-,18,1,60,76,11745,5,1286,0,383,0
983,983,984,2020-04-15,5:00 PM,Puducherry,-,-,1,0,7,76,11745,0,1286,0,383,0
984,984,985,2020-04-15,5:00 PM,Punjab,-,-,14,13,186,76,11755,10,1286,0,384,1
985,985,986,2020-04-15,5:00 PM,Rajasthan,-,-,147,3,1005,76,11881,126,1300,14,384,0
986,986,987,2020-04-15,5:00 PM,Tamil Nadu,-,-,81,12,1204,76,11912,31,1323,23,385,1
987,987,988,2020-04-15,5:00 PM,Telengana,-,-,120,18,647,76,11935,23,1343,20,386,1
988,988,989,2020-04-15,5:00 PM,Tripura,-,-,0,0,2,76,11935,0,1343,0,386,0
989,989,990,2020-04-15,5:00 PM,Uttarakhand,-,-,9,0,37,76,11937,2,1345,2,386,0
990,990,991,2020-04-15,5:00 PM,Uttar Pradesh,-,-,51,11,735,76,12015,78,1347,2,392,6
991,991,992,2020-04-15,5:00 PM,West Bengal,-,-,37,7,213,76,12038,23,1348,1,392,0
992,992,993,2020-04-16,5:00 PM,Andaman and Nicobar Islands,-,-,10,0,11,77,12038,0,1348,0,392,0
993,993,994,2020-04-16,5:00 PM,Andhra Pradesh,-,-,20,14,534,77,12069,31,1352,4,397,5
994,994,995,2020-04-16,5:00 PM,Arunachal Pradesh,-,-,0,0,1,77,12069,0,1352,0,397,0
995,995,996,2020-04-16,5:00 PM,Assam,-,-,5,1,33,77,12069,0,1357,5,397,0
996,996,997,2020-04-16,5:00 PM,Bihar,-,-,29,1,74,77,12073,4,1357,0,397,0
997,997,998,2020-04-16,5:00 PM,Chandigarh,-,-,7,0,21,77,12073,0,1357,0,397,0
998,998,999,2020-04-16,5:00 PM,Chhattisgarh,-,-,17,0,33,77,12073,0,1361,4,397,0
999,999,1000,2020-04-16,5:00 PM,Delhi,-,-,42,32,1578,77,12090,17,1373,12,399,2
1000,1000,1001,2020-04-16,5:00 PM,Goa,-,-,5,0,7,77,12090,0,1373,0,399,0
1001,1001,1002,2020-04-16,5:00 PM,Gujarat,-,-,64,36,871,77,12266,176,1378,5,405,6
1002,1002,1003,2020-04-16,5:00 PM,Haryana,-,-,43,3,205,77,12272,6,1387,9,405,0
1003,1003,1004,2020-04-16,5:00 PM,Himachal Pradesh,-,-,16,1,35,77,12274,2,1390,3,405,0
1004,1004,1005,2020-04-16,5:00 PM,Jammu and Kashmir,-,-,36,4,300,77,12296,22,1396,6,405,0
1005,1005,1006,2020-04-16,5:00 PM,Jharkhand,-,-,0,2,28,77,12297,1,1396,0,405,0
1006,1006,1007,2020-04-16,5:00 PM,Karnataka,-,-,82,13,315,77,12335,38,1403,7,407,2
1007,1007,1008,2020-04-16,5:00 PM,Kerala,-,-,218,3,388,77,12336,1,1410,7,407,0
1008,1008,1009,2020-04-16,5:00 PM,Ladakh,-,-,10,0,17,77,12336,0,1410,0,407,0
1009,1009,1010,2020-04-16,5:00 PM,Madhya Pradesh,-,-,64,53,1120,77,12469,133,1410,0,407,0
1010,1010,1011,2020-04-16,5:00 PM,Maharashtra,-,-,295,187,2919,77,12701,232,1446,36,416,9
1011,1011,1012,2020-04-16,5:00 PM,Manipur,-,-,1,0,2,77,12701,0,1446,0,416,0
1012,1012,1013,2020-04-16,5:00 PM,Meghalaya,-,-,0,1,7,77,12701,0,1446,0,416,0
1013,1013,1014,2020-04-16,5:00 PM,Mizoram,-,-,0,0,1,77,12701,0,1446,0,416,0
1014,1014,1015,2020-04-16,5:00 PM,Nagaland#,-,-,0,0,0,77,12701,0,1446,0,416,0
1015,1015,1016,2020-04-16,5:00 PM,Odisha,-,-,18,1,60,77,12701,0,1446,0,416,0
1016,1016,1017,2020-04-16,5:00 PM,Puducherry,-,-,1,0,7,77,12701,0,1446,0,416,0
1017,1017,1018,2020-04-16,5:00 PM,Punjab,-,-,27,13,186,77,12701,0,1459,13,416,0
1018,1018,1019,2020-04-16,5:00 PM,Rajasthan,-,-,147,3,1023,77,12719,18,1459,0,416,0
1019,1019,1020,2020-04-16,5:00 PM,Tamil Nadu,-,-,118,14,1242,77,12757,38,1496,37,418,2
1020,1020,1021,2020-04-16,5:00 PM,Telengana,-,-,120,18,698,77,12808,51,1496,0,418,0
1021,1021,1022,2020-04-16,5:00 PM,Tripura,-,-,1,0,2,77,12808,0,1497,1,418,0
1022,1022,1023,2020-04-16,5:00 PM,Uttarakhand,-,-,9,0,37,77,12808,0,1497,0,418,0
1023,1023,1024,2020-04-16,5:00 PM,Uttar Pradesh,-,-,68,13,773,77,12846,38,1514,17,420,2
1024,1024,1025,2020-04-16,5:00 PM,West Bengal,-,-,42,7,231,77,12864,18,1519,5,420,0
1025,1025,1026,2020-04-17,5:00 PM,Andaman and Nicobar Islands,-,-,10,0,11,78,12864,0,1519,0,420,0
1026,1026,1027,2020-04-17,5:00 PM,Andhra Pradesh,-,-,36,14,572,78,12902,38,1535,16,420,0
1027,1027,1028,2020-04-17,5:00 PM,Arunachal Pradesh,-,-,0,0,1,78,12902,0,1535,0,420,0
1028,1028,1029,2020-04-17,5:00 PM,Assam,-,-,5,1,35,78,12904,2,1535,0,420,0
1029,1029,1030,2020-04-17,5:00 PM,Bihar,-,-,37,1,83,78,12913,9,1543,8,420,0
1030,1030,1031,2020-04-17,5:00 PM,Chandigarh,-,-,9,0,21,78,12913,0,1545,2,420,0
1031,1031,1032,2020-04-17,5:00 PM,Chhattisgarh,-,-,23,0,36,78,12916,3,1551,6,420,0
1032,1032,1033,2020-04-17,5:00 PM,Delhi,-,-,51,38,1640,78,12978,62,1560,9,426,6
1033,1033,1034,2020-04-17,5:00 PM,Goa,-,-,6,0,7,78,12978,0,1561,1,426,0
1034,1034,1035,2020-04-17,5:00 PM,Gujarat,-,-,74,38,1021,78,13128,150,1571,10,428,2
1035,1035,1036,2020-04-17,5:00 PM,Haryana,-,-,43,3,205,78,13128,0,1571,0,428,0
1036,1036,1037,2020-04-17,5:00 PM,Himachal Pradesh,-,-,16,1,35,78,13128,0,1571,0,428,0
1037,1037,1038,2020-04-17,5:00 PM,Jammu and Kashmir,-,-,38,4,314,78,13142,14,1573,2,428,0
1038,1038,1039,2020-04-17,5:00 PM,Jharkhand,-,-,0,2,29,78,13143,1,1573,0,428,0
1039,1039,1040,2020-04-17,5:00 PM,Karnataka,-,-,82,13,353,78,13181,38,1573,0,428,0
1040,1040,1041,2020-04-17,5:00 PM,Kerala,-,-,245,3,395,78,13188,7,1600,27,428,0
1041,1041,1042,2020-04-17,5:00 PM,Ladakh,-,-,14,0,18,78,13189,1,1604,4,428,0
1042,1042,1043,2020-04-17,5:00 PM,Madhya Pradesh,-,-,65,57,1308,78,13377,188,1605,1,432,4
1043,1043,1044,2020-04-17,5:00 PM,Maharashtra,-,-,300,194,3205,78,13663,286,1610,5,439,7
1044,1044,1045,2020-04-17,5:00 PM,Manipur,-,-,1,0,2,78,13663,0,1610,0,439,0
1045,1045,1046,2020-04-17,5:00 PM,Meghalaya,-,-,0,1,9,78,13665,2,1610,0,439,0
1046,1046,1047,2020-04-17,5:00 PM,Mizoram,-,-,0,0,1,78,13665,0,1610,0,439,0
1047,1047,1048,2020-04-17,5:00 PM,Nagaland#,-,-,0,0,0,78,13665,0,1610,0,439,0
1048,1048,1049,2020-04-17,5:00 PM,Odisha,-,-,19,1,60,78,13665,0,1611,1,439,0
1049,1049,1050,2020-04-17,5:00 PM,Puducherry,-,-,1,0,7,78,13665,0,1611,0,439,0
1050,1050,1051,2020-04-17,5:00 PM,Punjab,-,-,27,13,186,78,13665,0,1611,0,439,0
1051,1051,1052,2020-04-17,5:00 PM,Rajasthan,-,-,164,11,1131,78,13773,108,1628,17,447,8
1052,1052,1053,2020-04-17,5:00 PM,Tamil Nadu,-,-,180,15,1267,78,13798,25,1690,62,448,1
1053,1053,1054,2020-04-17,5:00 PM,Telengana,-,-,186,18,743,78,13843,45,1756,66,448,0
1054,1054,1055,2020-04-17,5:00 PM,Tripura,-,-,1,0,2,78,13843,0,1756,0,448,0
1055,1055,1056,2020-04-17,5:00 PM,Uttarakhand,-,-,9,0,37,78,13843,0,1756,0,448,0
1056,1056,1057,2020-04-17,5:00 PM,Uttar Pradesh,-,-,74,14,846,78,13916,73,1762,6,449,1
1057,1057,1058,2020-04-17,5:00 PM,West Bengal,-,-,51,10,255,78,13940,24,1771,9,452,3
1058,1058,1059,2020-04-18,5:00 PM,Andaman and Nicobar Islands,-,-,11,0,12,79,13941,1,1772,1,452,0
1059,1059,1060,2020-04-18,5:00 PM,Andhra Pradesh,-,-,42,15,603,79,13972,31,1778,6,453,1
1060,1060,1061,2020-04-18,5:00 PM,Arunachal Pradesh,-,-,0,0,1,79,13972,0,1778,0,453,0
1061,1061,1062,2020-04-18,5:00 PM,Assam,-,-,9,1,35,79,13972,0,1782,4,453,0
1062,1062,1063,2020-04-18,5:00 PM,Bihar,-,-,37,2,85,79,13974,2,1782,0,454,1
1063,1063,1064,2020-04-18,5:00 PM,Chandigarh,-,-,9,0,21,79,13974,0,1782,0,454,0
1064,1064,1065,2020-04-18,5:00 PM,Chhattisgarh,-,-,24,0,36,79,13974,0,1783,1,454,0
1065,1065,1066,2020-04-18,5:00 PM,Delhi,-,-,72,42,1707,79,14041,67,1804,21,458,4
1066,1066,1067,2020-04-18,5:00 PM,Goa,-,-,6,0,7,79,14041,0,1804,0,458,0
1067,1067,1068,2020-04-18,5:00 PM,Gujarat,-,-,88,48,1272,79,14292,251,1818,14,468,10
1068,1068,1069,2020-04-18,5:00 PM,Haryana,-,-,43,3,225,79,14312,20,1818,0,468,0
1069,1069,1070,2020-04-18,5:00 PM,Himachal Pradesh,-,-,16,1,38,79,14315,3,1818,0,468,0
1070,1070,1071,2020-04-18,5:00 PM,Jammu and Kashmir,-,-,42,5,328,79,14329,14,1822,4,469,1
1071,1071,1072,2020-04-18,5:00 PM,Jharkhand,-,-,0,2,33,79,14333,4,1822,0,469,0
1072,1072,1073,2020-04-18,5:00 PM,Karnataka,-,-,92,13,371,79,14351,18,1832,10,469,0
1073,1073,1074,2020-04-18,5:00 PM,Kerala,-,-,255,3,396,79,14352,1,1842,10,469,0
1074,1074,1075,2020-04-18,5:00 PM,Ladakh,-,-,14,0,18,79,14352,0,1842,0,469,0
1075,1075,1076,2020-04-18,5:00 PM,Madhya Pradesh,-,-,69,69,1355,79,14399,47,1846,4,481,12
1076,1076,1077,2020-04-18,5:00 PM,Maharashtra,-,-,331,201,3323,79,14517,118,1877,31,488,7
1077,1077,1078,2020-04-18,5:00 PM,Manipur,-,-,1,0,2,79,14517,0,1877,0,488,0
1078,1078,1079,2020-04-18,5:00 PM,Meghalaya,-,-,0,1,11,79,14519,2,1877,0,488,0
1079,1079,1080,2020-04-18,5:00 PM,Mizoram,-,-,0,0,1,79,14519,0,1877,0,488,0
1080,1080,1081,2020-04-18,5:00 PM,Nagaland#,-,-,0,0,0,79,14519,0,1877,0,488,0
1081,1081,1082,2020-04-18,5:00 PM,Odisha,-,-,21,1,60,79,14519,0,1879,2,488,0
1082,1082,1083,2020-04-18,5:00 PM,Puducherry,-,-,3,0,7,79,14519,0,1881,2,488,0
1083,1083,1084,2020-04-18,5:00 PM,Punjab,-,-,27,13,202,79,14535,16,1881,0,488,0
1084,1084,1085,2020-04-18,5:00 PM,Rajasthan,-,-,183,11,1229,79,14633,98,1900,19,488,0
1085,1085,1086,2020-04-18,5:00 PM,Tamil Nadu,-,-,283,15,1323,79,14689,56,2003,103,488,0
1086,1086,1087,2020-04-18,5:00 PM,Telengana,-,-,186,18,791,79,14737,48,2003,0,488,0
1087,1087,1088,2020-04-18,5:00 PM,Tripura,-,-,1,0,2,79,14737,0,2003,0,488,0
1088,1088,1089,2020-04-18,5:00 PM,Uttarakhand,-,-,9,0,42,79,14742,5,2003,0,488,0
1089,1089,1090,2020-04-18,5:00 PM,Uttar Pradesh,-,-,86,14,969,79,14865,123,2015,12,488,0
1090,1090,1091,2020-04-18,5:00 PM,West Bengal,-,-,55,10,287,79,14897,32,2019,4,488,0
1091,1091,1092,2020-04-19,5:00 PM,Andaman and Nicobar Islands,-,-,11,0,14,80,14899,2,2019,0,488,0
1092,1092,1093,2020-04-19,5:00 PM,Andhra Pradesh,-,-,42,15,603,80,14899,0,2019,0,488,0
1093,1093,1094,2020-04-19,5:00 PM,Arunachal Pradesh,-,-,0,0,1,80,14899,0,2019,0,488,0
1094,1094,1095,2020-04-19,5:00 PM,Assam,-,-,12,1,35,80,14899,0,2022,3,488,0
1095,1095,1096,2020-04-19,5:00 PM,Bihar,-,-,37,2,86,80,14900,1,2022,0,488,0
1096,1096,1097,2020-04-19,5:00 PM,Chandigarh,-,-,10,0,23,80,14902,2,2023,1,488,0
1097,1097,1098,2020-04-19,5:00 PM,Chhattisgarh,-,-,24,0,36,80,14902,0,2023,0,488,0
1098,1098,1099,2020-04-19,5:00 PM,Delhi,-,-,72,43,1893,80,15088,186,2023,0,489,1
1099,1099,1100,2020-04-19,5:00 PM,Goa,-,-,6,0,7,80,15088,0,2023,0,489,0
1100,1100,1101,2020-04-19,5:00 PM,Gujarat,-,-,94,58,1604,80,15420,332,2029,6,499,10
1101,1101,1102,2020-04-19,5:00 PM,Haryana,-,-,87,3,233,80,15428,8,2073,44,499,0
1102,1102,1103,2020-04-19,5:00 PM,Himachal Pradesh,-,-,16,1,39,80,15429,1,2073,0,499,0
1103,1103,1104,2020-04-19,5:00 PM,Jammu and Kashmir,-,-,51,5,341,80,15442,13,2082,9,499,0
1104,1104,1105,2020-04-19,5:00 PM,Jharkhand,-,-,0,2,35,80,15444,2,2082,0,499,0
1105,1105,1106,2020-04-19,5:00 PM,Karnataka,-,-,104,14,384,80,15457,13,2094,12,500,1
1106,1106,1107,2020-04-19,5:00 PM,Kerala,-,-,257,3,400,80,15461,4,2096,2,500,0
1107,1107,1108,2020-04-19,5:00 PM,Ladakh,-,-,14,0,18,80,15461,0,2096,0,500,0
1108,1108,1109,2020-04-19,5:00 PM,Madhya Pradesh,-,-,127,70,1407,80,15513,52,2154,58,501,1
1109,1109,1110,2020-04-19,5:00 PM,Maharashtra,-,-,365,211,3651,80,15841,328,2188,34,511,10
1110,1110,1111,2020-04-19,5:00 PM,Manipur,-,-,1,0,2,80,15841,0,2188,0,511,0
1111,1111,1112,2020-04-19,5:00 PM,Meghalaya,-,-,0,1,11,80,15841,0,2188,0,511,0
1112,1112,1113,2020-04-19,5:00 PM,Mizoram,-,-,0,0,1,80,15841,0,2188,0,511,0
1113,1113,1114,2020-04-19,5:00 PM,Nagaland#,-,-,0,0,0,80,15841,0,2188,0,511,0
1114,1114,1115,2020-04-19,5:00 PM,Odisha,-,-,24,1,61,80,15842,1,2191,3,511,0
1115,1115,1116,2020-04-19,5:00 PM,Puducherry,-,-,3,0,7,80,15842,0,2191,0,511,0
1116,1116,1117,2020-04-19,5:00 PM,Punjab,-,-,31,16,219,80,15859,17,2195,4,514,3
1117,1117,1118,2020-04-19,5:00 PM,Rajasthan,-,-,183,11,1351,80,15981,122,2195,0,514,0
1118,1118,1119,2020-04-19,5:00 PM,Tamil Nadu,-,-,365,15,1372,80,16030,49,2277,82,514,0
1119,1119,1120,2020-04-19,5:00 PM,Telengana,-,-,186,18,844,80,16083,53,2277,0,514,0
1120,1120,1121,2020-04-19,5:00 PM,Tripura,-,-,1,0,2,80,16083,0,2277,0,514,0
1121,1121,1122,2020-04-19,5:00 PM,Uttarakhand,-,-,9,0,42,80,16083,0,2277,0,514,0
1122,1122,1123,2020-04-19,5:00 PM,Uttar Pradesh,-,-,108,17,1084,80,16198,115,2299,22,517,3
1123,1123,1124,2020-04-19,5:00 PM,West Bengal,-,-,62,12,310,80,16221,23,2306,7,519,2
1124,1124,1125,2020-04-20,5:00 PM,Andaman and Nicobar Islands,-,-,11,0,15,81,16222,1,2306,0,519,0
1125,1125,1126,2020-04-20,5:00 PM,Andhra Pradesh,-,-,92,20,722,81,16341,119,2356,50,524,5
1126,1126,1127,2020-04-20,5:00 PM,Arunachal Pradesh,-,-,0,0,1,81,16341,0,2356,0,524,0
1127,1127,1128,2020-04-20,5:00 PM,Assam,-,-,17,1,35,81,16341,0,2361,5,524,0
1128,1128,1129,2020-04-20,5:00 PM,Bihar,-,-,42,2,96,81,16351,10,2366,5,524,0
1129,1129,1130,2020-04-20,5:00 PM,Chandigarh,-,-,13,0,26,81,16354,3,2369,3,524,0
1130,1130,1131,2020-04-20,5:00 PM,Chhattisgarh,-,-,25,0,36,81,16354,0,2370,1,524,0
1131,1131,1132,2020-04-20,5:00 PM,Delhi,-,-,290,45,2003,81,16464,110,2588,218,526,2
1132,1132,1133,2020-04-20,5:00 PM,Goa,-,-,7,0,7,81,16464,0,2589,1,526,0
1133,1133,1134,2020-04-20,5:00 PM,Gujarat,-,-,106,67,1851,81,16711,247,2601,12,535,9
1134,1134,1135,2020-04-20,5:00 PM,Haryana,-,-,87,3,233,81,16711,0,2601,0,535,0
1135,1135,1136,2020-04-20,5:00 PM,Himachal Pradesh,-,-,16,1,39,81,16711,0,2601,0,535,0
1136,1136,1137,2020-04-20,5:00 PM,Jammu and Kashmir,-,-,56,5,350,81,16720,9,2606,5,535,0
1137,1137,1138,2020-04-20,5:00 PM,Jharkhand,-,-,0,2,42,81,16727,7,2606,0,535,0
1138,1138,1139,2020-04-20,5:00 PM,Karnataka,-,-,111,16,395,81,16738,11,2613,7,537,2
1139,1139,1140,2020-04-20,5:00 PM,Kerala,-,-,270,3,402,81,16740,2,2626,13,537,0
1140,1140,1141,2020-04-20,5:00 PM,Ladakh,-,-,14,0,18,81,16740,0,2626,0,537,0
1141,1141,1142,2020-04-20,5:00 PM,Madhya Pradesh,-,-,127,74,1485,81,16818,78,2626,0,541,4
1142,1142,1143,2020-04-20,5:00 PM,Maharashtra,-,-,507,223,4203,81,17370,552,2768,142,553,12
1143,1143,1144,2020-04-20,5:00 PM,Manipur,-,-,2,0,2,81,17370,0,2769,1,553,0
1144,1144,1145,2020-04-20,5:00 PM,Meghalaya,-,-,0,1,11,81,17370,0,2769,0,553,0
1145,1145,1146,2020-04-20,5:00 PM,Mizoram,-,-,0,0,1,81,17370,0,2769,0,553,0
1146,1146,1147,2020-04-20,5:00 PM,Nagaland,-,-,0,0,0,81,17370,0,2769,0,553,0
1147,1147,1148,2020-04-20,5:00 PM,Odisha,-,-,24,1,68,81,17377,7,2769,0,553,0
1148,1148,1149,2020-04-20,5:00 PM,Puducherry,-,-,3,0,7,81,17377,0,2769,0,553,0
1149,1149,1150,2020-04-20,5:00 PM,Punjab,-,-,31,16,219,81,17377,0,2769,0,553,0
1150,1150,1151,2020-04-20,5:00 PM,Rajasthan,-,-,183,14,1478,81,17504,127,2769,0,556,3
1151,1151,1152,2020-04-20,5:00 PM,Tamil Nadu,-,-,411,15,1477,81,17609,105,2815,46,556,0
1152,1152,1153,2020-04-20,5:00 PM,Telengana,-,-,190,21,873,81,17638,29,2819,4,559,3
1153,1153,1154,2020-04-20,5:00 PM,Tripura,-,-,1,0,2,81,17638,0,2819,0,559,0
1154,1154,1155,2020-04-20,5:00 PM,Uttarakhand,-,-,11,0,44,81,17640,2,2821,2,559,0
1155,1155,1156,2020-04-20,5:00 PM,Uttar Pradesh,-,-,129,17,1176,81,17732,92,2842,21,559,0
1156,1156,1157,2020-04-20,5:00 PM,West Bengal,-,-,66,12,339,81,17761,29,2846,4,559,0
